DATAFLOW,LAST UPDATE,freq,unit,c_birth,geo,TIME_PERIOD,OBS_VALUE,OBS_FLAG
ESTAT:ILC_LI34(1.0),16/11/23 23:00:00,A,PC,FOR,AL,2017,,u
ESTAT:ILC_LI34(1.0),16/11/23 23:00:00,A,PC,FOR,AL,2018,,u
ESTAT:ILC_LI34(1.0),16/11/23 23:00:00,A,PC,FOR,AL,2019,,u
ESTAT:ILC_LI34(1.0),16/11/23 23:00:00,A,PC,FOR,AL,2020,,z
ESTAT:ILC_LI34(1.0),16/11/23 23:00:00,A,PC,FOR,AL,2021,,u
ESTAT:ILC_LI34(1.0),16/11/23 23:00:00,A,PC,FOR,AT,2003,27.7,
ESTAT:ILC_LI34(1.0),16/11/23 23:00:00,A,PC,FOR,AT,2004,27.1,
ESTAT:ILC_LI34(1.0),16/11/23 23:00:00,A,PC,FOR,AT,2005,25.3,
ESTAT:ILC_LI34(1.0),16/11/23 23:00:00,A,PC,FOR,AT,2006,23.3,
ESTAT:ILC_LI34(1.0),16/11/23 23:00:00,A,PC,FOR,AT,2007,26.7,
ESTAT:ILC_LI34(1.0),16/11/23 23:00:00,A,PC,FOR,AT,2008,32.7,b
ESTAT:ILC_LI34(1.0),16/11/23 23:00:00,A,PC,FOR,AT,2009,32.4,
ESTAT:ILC_LI34(1.0),16/11/23 23:00:00,A,PC,FOR,AT,2010,33.1,
ESTAT:ILC_LI34(1.0),16/11/23 23:00:00,A,PC,FOR,AT,2011,31.9,
ESTAT:ILC_LI34(1.0),16/11/23 23:00:00,A,PC,FOR,AT,2012,29.7,
ESTAT:ILC_LI34(1.0),16/11/23 23:00:00,A,PC,FOR,AT,2013,32.3,
ESTAT:ILC_LI34(1.0),16/11/23 23:00:00,A,PC,FOR,AT,2014,34.9,
ESTAT:ILC_LI34(1.0),16/11/23 23:00:00,A,PC,FOR,AT,2015,34.6,
ESTAT:ILC_LI34(1.0),16/11/23 23:00:00,A,PC,FOR,AT,2016,28.7,
ESTAT:ILC_LI34(1.0),16/11/23 23:00:00,A,PC,FOR,AT,2017,33.7,
ESTAT:ILC_LI34(1.0),16/11/23 23:00:00,A,PC,FOR,AT,2018,31.9,
ESTAT:ILC_LI34(1.0),16/11/23 23:00:00,A,PC,FOR,AT,2019,25.7,
ESTAT:ILC_LI34(1.0),16/11/23 23:00:00,A,PC,FOR,AT,2020,35.7,
ESTAT:ILC_LI34(1.0),16/11/23 23:00:00,A,PC,FOR,AT,2021,39.5,
ESTAT:ILC_LI34(1.0),16/11/23 23:00:00,A,PC,FOR,AT,2022,32.1,
ESTAT:ILC_LI34(1.0),16/11/23 23:00:00,A,PC,FOR,BE,2003,31.5,
ESTAT:ILC_LI34(1.0),16/11/23 23:00:00,A,PC,FOR,BE,2004,31.2,
ESTAT:ILC_LI34(1.0),16/11/23 23:00:00,A,PC,FOR,BE,2005,38.7,
ESTAT:ILC_LI34(1.0),16/11/23 23:00:00,A,PC,FOR,BE,2006,29.8,
ESTAT:ILC_LI34(1.0),16/11/23 23:00:00,A,PC,FOR,BE,2007,34.2,
ESTAT:ILC_LI34(1.0),16/11/23 23:00:00,A,PC,FOR,BE,2008,30.1,
ESTAT:ILC_LI34(1.0),16/11/23 23:00:00,A,PC,FOR,BE,2009,33.6,
ESTAT:ILC_LI34(1.0),16/11/23 23:00:00,A,PC,FOR,BE,2010,33.7,
ESTAT:ILC_LI34(1.0),16/11/23 23:00:00,A,PC,FOR,BE,2011,33.9,
ESTAT:ILC_LI34(1.0),16/11/23 23:00:00,A,PC,FOR,BE,2012,34.8,
ESTAT:ILC_LI34(1.0),16/11/23 23:00:00,A,PC,FOR,BE,2013,35.3,
ESTAT:ILC_LI34(1.0),16/11/23 23:00:00,A,PC,FOR,BE,2014,37.2,
ESTAT:ILC_LI34(1.0),16/11/23 23:00:00,A,PC,FOR,BE,2015,33.0,
ESTAT:ILC_LI34(1.0),16/11/23 23:00:00,A,PC,FOR,BE,2016,31.6,
ESTAT:ILC_LI34(1.0),16/11/23 23:00:00,A,PC,FOR,BE,2017,37.1,
ESTAT:ILC_LI34(1.0),16/11/23 23:00:00,A,PC,FOR,BE,2018,39.1,
ESTAT:ILC_LI34(1.0),16/11/23 23:00:00,A,PC,FOR,BE,2019,36.9,b
ESTAT:ILC_LI34(1.0),16/11/23 23:00:00,A,PC,FOR,BE,2020,30.9,
ESTAT:ILC_LI34(1.0),16/11/23 23:00:00,A,PC,FOR,BE,2021,27.2,
ESTAT:ILC_LI34(1.0),16/11/23 23:00:00,A,PC,FOR,BE,2022,28.7,
ESTAT:ILC_LI34(1.0),16/11/23 23:00:00,A,PC,FOR,BG,2005,5.6,u
ESTAT:ILC_LI34(1.0),16/11/23 23:00:00,A,PC,FOR,BG,2006,5.6,u
ESTAT:ILC_LI34(1.0),16/11/23 23:00:00,A,PC,FOR,BG,2007,,u
ESTAT:ILC_LI34(1.0),16/11/23 23:00:00,A,PC,FOR,BG,2008,16.2,u
ESTAT:ILC_LI34(1.0),16/11/23 23:00:00,A,PC,FOR,BG,2009,29.8,u
ESTAT:ILC_LI34(1.0),16/11/23 23:00:00,A,PC,FOR,BG,2010,22.1,u
ESTAT:ILC_LI34(1.0),16/11/23 23:00:00,A,PC,FOR,BG,2011,10.9,u
ESTAT:ILC_LI34(1.0),16/11/23 23:00:00,A,PC,FOR,BG,2012,,u
ESTAT:ILC_LI34(1.0),16/11/23 23:00:00,A,PC,FOR,BG,2013,,u
ESTAT:ILC_LI34(1.0),16/11/23 23:00:00,A,PC,FOR,BG,2014,,u
ESTAT:ILC_LI34(1.0),16/11/23 23:00:00,A,PC,FOR,BG,2015,,u
ESTAT:ILC_LI34(1.0),16/11/23 23:00:00,A,PC,FOR,BG,2016,13.2,bu
ESTAT:ILC_LI34(1.0),16/11/23 23:00:00,A,PC,FOR,BG,2017,,u
ESTAT:ILC_LI34(1.0),16/11/23 23:00:00,A,PC,FOR,BG,2018,,u
ESTAT:ILC_LI34(1.0),16/11/23 23:00:00,A,PC,FOR,BG,2019,,u
ESTAT:ILC_LI34(1.0),16/11/23 23:00:00,A,PC,FOR,BG,2020,34.4,u
ESTAT:ILC_LI34(1.0),16/11/23 23:00:00,A,PC,FOR,BG,2021,,u
ESTAT:ILC_LI34(1.0),16/11/23 23:00:00,A,PC,FOR,BG,2022,,u
ESTAT:ILC_LI34(1.0),16/11/23 23:00:00,A,PC,FOR,CH,2007,24.0,
ESTAT:ILC_LI34(1.0),16/11/23 23:00:00,A,PC,FOR,CH,2008,25.3,
ESTAT:ILC_LI34(1.0),16/11/23 23:00:00,A,PC,FOR,CH,2009,24.1,
ESTAT:ILC_LI34(1.0),16/11/23 23:00:00,A,PC,FOR,CH,2010,22.1,
ESTAT:ILC_LI34(1.0),16/11/23 23:00:00,A,PC,FOR,CH,2011,22.7,
ESTAT:ILC_LI34(1.0),16/11/23 23:00:00,A,PC,FOR,CH,2012,24.4,
ESTAT:ILC_LI34(1.0),16/11/23 23:00:00,A,PC,FOR,CH,2013,19.5,
ESTAT:ILC_LI34(1.0),16/11/23 23:00:00,A,PC,FOR,CH,2014,16.5,b
ESTAT:ILC_LI34(1.0),16/11/23 23:00:00,A,PC,FOR,CH,2015,23.9,
ESTAT:ILC_LI34(1.0),16/11/23 23:00:00,A,PC,FOR,CH,2016,22.3,
ESTAT:ILC_LI34(1.0),16/11/23 23:00:00,A,PC,FOR,CH,2017,24.2,
ESTAT:ILC_LI34(1.0),16/11/23 23:00:00,A,PC,FOR,CH,2018,25.8,
ESTAT:ILC_LI34(1.0),16/11/23 23:00:00,A,PC,FOR,CH,2019,25.3,
ESTAT:ILC_LI34(1.0),16/11/23 23:00:00,A,PC,FOR,CH,2020,25.6,
ESTAT:ILC_LI34(1.0),16/11/23 23:00:00,A,PC,FOR,CH,2021,21.4,
ESTAT:ILC_LI34(1.0),16/11/23 23:00:00,A,PC,FOR,CY,2005,18.7,
ESTAT:ILC_LI34(1.0),16/11/23 23:00:00,A,PC,FOR,CY,2006,16.6,
ESTAT:ILC_LI34(1.0),16/11/23 23:00:00,A,PC,FOR,CY,2007,15.5,
ESTAT:ILC_LI34(1.0),16/11/23 23:00:00,A,PC,FOR,CY,2008,18.7,
ESTAT:ILC_LI34(1.0),16/11/23 23:00:00,A,PC,FOR,CY,2009,22.9,
ESTAT:ILC_LI34(1.0),16/11/23 23:00:00,A,PC,FOR,CY,2010,21.8,
ESTAT:ILC_LI34(1.0),16/11/23 23:00:00,A,PC,FOR,CY,2011,23.4,
ESTAT:ILC_LI34(1.0),16/11/23 23:00:00,A,PC,FOR,CY,2012,25.1,
ESTAT:ILC_LI34(1.0),16/11/23 23:00:00,A,PC,FOR,CY,2013,25.8,
ESTAT:ILC_LI34(1.0),16/11/23 23:00:00,A,PC,FOR,CY,2014,22.4,
ESTAT:ILC_LI34(1.0),16/11/23 23:00:00,A,PC,FOR,CY,2015,27.4,
ESTAT:ILC_LI34(1.0),16/11/23 23:00:00,A,PC,FOR,CY,2016,25.7,
ESTAT:ILC_LI34(1.0),16/11/23 23:00:00,A,PC,FOR,CY,2017,26.4,
ESTAT:ILC_LI34(1.0),16/11/23 23:00:00,A,PC,FOR,CY,2018,31.1,
ESTAT:ILC_LI34(1.0),16/11/23 23:00:00,A,PC,FOR,CY,2019,31.9,
ESTAT:ILC_LI34(1.0),16/11/23 23:00:00,A,PC,FOR,CY,2020,31.3,
ESTAT:ILC_LI34(1.0),16/11/23 23:00:00,A,PC,FOR,CY,2021,30.2,
ESTAT:ILC_LI34(1.0),16/11/23 23:00:00,A,PC,FOR,CY,2022,28.3,
ESTAT:ILC_LI34(1.0),16/11/23 23:00:00,A,PC,FOR,CZ,2005,30.9,
ESTAT:ILC_LI34(1.0),16/11/23 23:00:00,A,PC,FOR,CZ,2006,24.5,
ESTAT:ILC_LI34(1.0),16/11/23 23:00:00,A,PC,FOR,CZ,2007,35.8,
ESTAT:ILC_LI34(1.0),16/11/23 23:00:00,A,PC,FOR,CZ,2008,30.9,
ESTAT:ILC_LI34(1.0),16/11/23 23:00:00,A,PC,FOR,CZ,2009,35.7,
ESTAT:ILC_LI34(1.0),16/11/23 23:00:00,A,PC,FOR,CZ,2010,24.9,
ESTAT:ILC_LI34(1.0),16/11/23 23:00:00,A,PC,FOR,CZ,2011,14.9,
ESTAT:ILC_LI34(1.0),16/11/23 23:00:00,A,PC,FOR,CZ,2012,24.9,
ESTAT:ILC_LI34(1.0),16/11/23 23:00:00,A,PC,FOR,CZ,2013,17.9,
ESTAT:ILC_LI34(1.0),16/11/23 23:00:00,A,PC,FOR,CZ,2014,29.2,
ESTAT:ILC_LI34(1.0),16/11/23 23:00:00,A,PC,FOR,CZ,2015,28.9,
ESTAT:ILC_LI34(1.0),16/11/23 23:00:00,A,PC,FOR,CZ,2016,25.5,
ESTAT:ILC_LI34(1.0),16/11/23 23:00:00,A,PC,FOR,CZ,2017,13.6,
ESTAT:ILC_LI34(1.0),16/11/23 23:00:00,A,PC,FOR,CZ,2018,10.5,
ESTAT:ILC_LI34(1.0),16/11/23 23:00:00,A,PC,FOR,CZ,2019,12.0,
ESTAT:ILC_LI34(1.0),16/11/23 23:00:00,A,PC,FOR,CZ,2020,6.0,
ESTAT:ILC_LI34(1.0),16/11/23 23:00:00,A,PC,FOR,CZ,2021,12.4,
ESTAT:ILC_LI34(1.0),16/11/23 23:00:00,A,PC,FOR,CZ,2022,20.9,
ESTAT:ILC_LI34(1.0),16/11/23 23:00:00,A,PC,FOR,DE,2005,18.3,
ESTAT:ILC_LI34(1.0),16/11/23 23:00:00,A,PC,FOR,DE,2006,20.3,
ESTAT:ILC_LI34(1.0),16/11/23 23:00:00,A,PC,FOR,DE,2007,23.4,
ESTAT:ILC_LI34(1.0),16/11/23 23:00:00,A,PC,FOR,DE,2008,27.0,
ESTAT:ILC_LI34(1.0),16/11/23 23:00:00,A,PC,FOR,DE,2009,18.3,
ESTAT:ILC_LI34(1.0),16/11/23 23:00:00,A,PC,FOR,DE,2010,29.2,
ESTAT:ILC_LI34(1.0),16/11/23 23:00:00,A,PC,FOR,DE,2011,24.8,
ESTAT:ILC_LI34(1.0),16/11/23 23:00:00,A,PC,FOR,DE,2012,20.7,
ESTAT:ILC_LI34(1.0),16/11/23 23:00:00,A,PC,FOR,DE,2013,16.9,
ESTAT:ILC_LI34(1.0),16/11/23 23:00:00,A,PC,FOR,DE,2014,21.1,
ESTAT:ILC_LI34(1.0),16/11/23 23:00:00,A,PC,FOR,DE,2015,20.0,
ESTAT:ILC_LI34(1.0),16/11/23 23:00:00,A,PC,FOR,DE,2016,17.1,
ESTAT:ILC_LI34(1.0),16/11/23 23:00:00,A,PC,FOR,DE,2017,16.6,
ESTAT:ILC_LI34(1.0),16/11/23 23:00:00,A,PC,FOR,DE,2018,13.7,
ESTAT:ILC_LI34(1.0),16/11/23 23:00:00,A,PC,FOR,DE,2019,13.4,
ESTAT:ILC_LI34(1.0),16/11/23 23:00:00,A,PC,FOR,DE,2020,24.1,b
ESTAT:ILC_LI34(1.0),16/11/23 23:00:00,A,PC,FOR,DE,2021,26.5,
ESTAT:ILC_LI34(1.0),16/11/23 23:00:00,A,PC,FOR,DE,2022,24.7,
ESTAT:ILC_LI34(1.0),16/11/23 23:00:00,A,PC,FOR,DK,2003,25.4,
ESTAT:ILC_LI34(1.0),16/11/23 23:00:00,A,PC,FOR,DK,2004,25.3,
ESTAT:ILC_LI34(1.0),16/11/23 23:00:00,A,PC,FOR,DK,2005,23.5,
ESTAT:ILC_LI34(1.0),16/11/23 23:00:00,A,PC,FOR,DK,2006,20.7,
ESTAT:ILC_LI34(1.0),16/11/23 23:00:00,A,PC,FOR,DK,2007,25.8,
ESTAT:ILC_LI34(1.0),16/11/23 23:00:00,A,PC,FOR,DK,2008,25.5,
ESTAT:ILC_LI34(1.0),16/11/23 23:00:00,A,PC,FOR,DK,2009,26.2,
ESTAT:ILC_LI34(1.0),16/11/23 23:00:00,A,PC,FOR,DK,2010,29.2,
ESTAT:ILC_LI34(1.0),16/11/23 23:00:00,A,PC,FOR,DK,2011,29.4,b
ESTAT:ILC_LI34(1.0),16/11/23 23:00:00,A,PC,FOR,DK,2012,26.9,
ESTAT:ILC_LI34(1.0),16/11/23 23:00:00,A,PC,FOR,DK,2013,21.1,
ESTAT:ILC_LI34(1.0),16/11/23 23:00:00,A,PC,FOR,DK,2014,16.4,
ESTAT:ILC_LI34(1.0),16/11/23 23:00:00,A,PC,FOR,DK,2015,33.6,
ESTAT:ILC_LI34(1.0),16/11/23 23:00:00,A,PC,FOR,DK,2016,22.1,
ESTAT:ILC_LI34(1.0),16/11/23 23:00:00,A,PC,FOR,DK,2017,28.5,
ESTAT:ILC_LI34(1.0),16/11/23 23:00:00,A,PC,FOR,DK,2018,25.4,
ESTAT:ILC_LI34(1.0),16/11/23 23:00:00,A,PC,FOR,DK,2019,31.6,
ESTAT:ILC_LI34(1.0),16/11/23 23:00:00,A,PC,FOR,DK,2020,24.1,b
ESTAT:ILC_LI34(1.0),16/11/23 23:00:00,A,PC,FOR,DK,2021,20.7,
ESTAT:ILC_LI34(1.0),16/11/23 23:00:00,A,PC,FOR,DK,2022,14.5,
ESTAT:ILC_LI34(1.0),16/11/23 23:00:00,A,PC,FOR,EA,2009,33.3,e
ESTAT:ILC_LI34(1.0),16/11/23 23:00:00,A,PC,FOR,EA,2010,34.0,e
ESTAT:ILC_LI34(1.0),16/11/23 23:00:00,A,PC,FOR,EA,2011,35.6,e
ESTAT:ILC_LI34(1.0),16/11/23 23:00:00,A,PC,FOR,EA,2012,33.5,e
ESTAT:ILC_LI34(1.0),16/11/23 23:00:00,A,PC,FOR,EA,2013,32.5,e
ESTAT:ILC_LI34(1.0),16/11/23 23:00:00,A,PC,FOR,EA,2014,34.4,e
ESTAT:ILC_LI34(1.0),16/11/23 23:00:00,A,PC,FOR,EA,2015,34.5,e
ESTAT:ILC_LI34(1.0),16/11/23 23:00:00,A,PC,FOR,EA,2016,33.5,e
ESTAT:ILC_LI34(1.0),16/11/23 23:00:00,A,PC,FOR,EA,2017,34.0,e
ESTAT:ILC_LI34(1.0),16/11/23 23:00:00,A,PC,FOR,EA,2018,34.0,e
ESTAT:ILC_LI34(1.0),16/11/23 23:00:00,A,PC,FOR,EA,2019,31.3,
ESTAT:ILC_LI34(1.0),16/11/23 23:00:00,A,PC,FOR,EA,2020,32.9,
ESTAT:ILC_LI34(1.0),16/11/23 23:00:00,A,PC,FOR,EA,2021,33.9,
ESTAT:ILC_LI34(1.0),16/11/23 23:00:00,A,PC,FOR,EA18,2005,27.5,
ESTAT:ILC_LI34(1.0),16/11/23 23:00:00,A,PC,FOR,EA18,2006,28.1,
ESTAT:ILC_LI34(1.0),16/11/23 23:00:00,A,PC,FOR,EA18,2007,30.2,
ESTAT:ILC_LI34(1.0),16/11/23 23:00:00,A,PC,FOR,EA18,2008,33.1,
ESTAT:ILC_LI34(1.0),16/11/23 23:00:00,A,PC,FOR,EA18,2009,33.2,
ESTAT:ILC_LI34(1.0),16/11/23 23:00:00,A,PC,FOR,EA18,2010,33.9,e
ESTAT:ILC_LI34(1.0),16/11/23 23:00:00,A,PC,FOR,EA18,2011,35.6,e
ESTAT:ILC_LI34(1.0),16/11/23 23:00:00,A,PC,FOR,EA18,2012,33.5,e
ESTAT:ILC_LI34(1.0),16/11/23 23:00:00,A,PC,FOR,EA18,2013,32.5,e
ESTAT:ILC_LI34(1.0),16/11/23 23:00:00,A,PC,FOR,EA18,2014,34.4,e
ESTAT:ILC_LI34(1.0),16/11/23 23:00:00,A,PC,FOR,EA18,2015,34.5,e
ESTAT:ILC_LI34(1.0),16/11/23 23:00:00,A,PC,FOR,EA18,2016,33.5,e
ESTAT:ILC_LI34(1.0),16/11/23 23:00:00,A,PC,FOR,EA18,2017,34.0,e
ESTAT:ILC_LI34(1.0),16/11/23 23:00:00,A,PC,FOR,EA18,2018,34.0,e
ESTAT:ILC_LI34(1.0),16/11/23 23:00:00,A,PC,FOR,EA18,2019,31.3,
ESTAT:ILC_LI34(1.0),16/11/23 23:00:00,A,PC,FOR,EA18,2020,32.9,
ESTAT:ILC_LI34(1.0),16/11/23 23:00:00,A,PC,FOR,EA19,2005,27.5,
ESTAT:ILC_LI34(1.0),16/11/23 23:00:00,A,PC,FOR,EA19,2006,28.0,
ESTAT:ILC_LI34(1.0),16/11/23 23:00:00,A,PC,FOR,EA19,2007,30.1,
ESTAT:ILC_LI34(1.0),16/11/23 23:00:00,A,PC,FOR,EA19,2008,33.0,
ESTAT:ILC_LI34(1.0),16/11/23 23:00:00,A,PC,FOR,EA19,2009,33.2,
ESTAT:ILC_LI34(1.0),16/11/23 23:00:00,A,PC,FOR,EA19,2010,33.8,e
ESTAT:ILC_LI34(1.0),16/11/23 23:00:00,A,PC,FOR,EA19,2011,35.6,e
ESTAT:ILC_LI34(1.0),16/11/23 23:00:00,A,PC,FOR,EA19,2012,33.5,e
ESTAT:ILC_LI34(1.0),16/11/23 23:00:00,A,PC,FOR,EA19,2013,32.5,e
ESTAT:ILC_LI34(1.0),16/11/23 23:00:00,A,PC,FOR,EA19,2014,34.4,e
ESTAT:ILC_LI34(1.0),16/11/23 23:00:00,A,PC,FOR,EA19,2015,34.5,e
ESTAT:ILC_LI34(1.0),16/11/23 23:00:00,A,PC,FOR,EA19,2016,33.5,e
ESTAT:ILC_LI34(1.0),16/11/23 23:00:00,A,PC,FOR,EA19,2017,34.0,e
ESTAT:ILC_LI34(1.0),16/11/23 23:00:00,A,PC,FOR,EA19,2018,34.0,e
ESTAT:ILC_LI34(1.0),16/11/23 23:00:00,A,PC,FOR,EA19,2019,31.3,
ESTAT:ILC_LI34(1.0),16/11/23 23:00:00,A,PC,FOR,EA19,2020,32.9,
ESTAT:ILC_LI34(1.0),16/11/23 23:00:00,A,PC,FOR,EA19,2021,33.9,
ESTAT:ILC_LI34(1.0),16/11/23 23:00:00,A,PC,FOR,EA20,2014,34.4,e
ESTAT:ILC_LI34(1.0),16/11/23 23:00:00,A,PC,FOR,EA20,2015,34.4,
ESTAT:ILC_LI34(1.0),16/11/23 23:00:00,A,PC,FOR,EA20,2016,33.5,
ESTAT:ILC_LI34(1.0),16/11/23 23:00:00,A,PC,FOR,EA20,2017,34.0,
ESTAT:ILC_LI34(1.0),16/11/23 23:00:00,A,PC,FOR,EA20,2018,33.9,
ESTAT:ILC_LI34(1.0),16/11/23 23:00:00,A,PC,FOR,EA20,2019,31.2,
ESTAT:ILC_LI34(1.0),16/11/23 23:00:00,A,PC,FOR,EA20,2020,32.8,
ESTAT:ILC_LI34(1.0),16/11/23 23:00:00,A,PC,FOR,EA20,2021,34.0,
ESTAT:ILC_LI34(1.0),16/11/23 23:00:00,A,PC,FOR,EA20,2022,33.5,
ESTAT:ILC_LI34(1.0),16/11/23 23:00:00,A,PC,FOR,EE,2004,22.7,
ESTAT:ILC_LI34(1.0),16/11/23 23:00:00,A,PC,FOR,EE,2005,23.5,
ESTAT:ILC_LI34(1.0),16/11/23 23:00:00,A,PC,FOR,EE,2006,19.9,
ESTAT:ILC_LI34(1.0),16/11/23 23:00:00,A,PC,FOR,EE,2007,15.3,
ESTAT:ILC_LI34(1.0),16/11/23 23:00:00,A,PC,FOR,EE,2008,18.5,
ESTAT:ILC_LI34(1.0),16/11/23 23:00:00,A,PC,FOR,EE,2009,16.3,
ESTAT:ILC_LI34(1.0),16/11/23 23:00:00,A,PC,FOR,EE,2010,19.0,
ESTAT:ILC_LI34(1.0),16/11/23 23:00:00,A,PC,FOR,EE,2011,16.9,
ESTAT:ILC_LI34(1.0),16/11/23 23:00:00,A,PC,FOR,EE,2012,19.9,
ESTAT:ILC_LI34(1.0),16/11/23 23:00:00,A,PC,FOR,EE,2013,26.3,
ESTAT:ILC_LI34(1.0),16/11/23 23:00:00,A,PC,FOR,EE,2014,31.0,
ESTAT:ILC_LI34(1.0),16/11/23 23:00:00,A,PC,FOR,EE,2015,18.0,
ESTAT:ILC_LI34(1.0),16/11/23 23:00:00,A,PC,FOR,EE,2016,17.7,
ESTAT:ILC_LI34(1.0),16/11/23 23:00:00,A,PC,FOR,EE,2017,17.0,
ESTAT:ILC_LI34(1.0),16/11/23 23:00:00,A,PC,FOR,EE,2018,17.2,
ESTAT:ILC_LI34(1.0),16/11/23 23:00:00,A,PC,FOR,EE,2019,22.5,
ESTAT:ILC_LI34(1.0),16/11/23 23:00:00,A,PC,FOR,EE,2020,21.4,
ESTAT:ILC_LI34(1.0),16/11/23 23:00:00,A,PC,FOR,EE,2021,25.3,
ESTAT:ILC_LI34(1.0),16/11/23 23:00:00,A,PC,FOR,EE,2022,18.5,
ESTAT:ILC_LI34(1.0),16/11/23 23:00:00,A,PC,FOR,EL,2003,27.8,
ESTAT:ILC_LI34(1.0),16/11/23 23:00:00,A,PC,FOR,EL,2004,30.1,
ESTAT:ILC_LI34(1.0),16/11/23 23:00:00,A,PC,FOR,EL,2005,32.3,
ESTAT:ILC_LI34(1.0),16/11/23 23:00:00,A,PC,FOR,EL,2006,27.2,
ESTAT:ILC_LI34(1.0),16/11/23 23:00:00,A,PC,FOR,EL,2007,34.9,
ESTAT:ILC_LI34(1.0),16/11/23 23:00:00,A,PC,FOR,EL,2008,38.6,
ESTAT:ILC_LI34(1.0),16/11/23 23:00:00,A,PC,FOR,EL,2009,38.9,
ESTAT:ILC_LI34(1.0),16/11/23 23:00:00,A,PC,FOR,EL,2010,46.4,
ESTAT:ILC_LI34(1.0),16/11/23 23:00:00,A,PC,FOR,EL,2011,43.1,
ESTAT:ILC_LI34(1.0),16/11/23 23:00:00,A,PC,FOR,EL,2012,44.4,
ESTAT:ILC_LI34(1.0),16/11/23 23:00:00,A,PC,FOR,EL,2013,52.7,
ESTAT:ILC_LI34(1.0),16/11/23 23:00:00,A,PC,FOR,EL,2014,48.9,
ESTAT:ILC_LI34(1.0),16/11/23 23:00:00,A,PC,FOR,EL,2015,48.9,
ESTAT:ILC_LI34(1.0),16/11/23 23:00:00,A,PC,FOR,EL,2016,38.0,
ESTAT:ILC_LI34(1.0),16/11/23 23:00:00,A,PC,FOR,EL,2017,41.4,
ESTAT:ILC_LI34(1.0),16/11/23 23:00:00,A,PC,FOR,EL,2018,38.0,
ESTAT:ILC_LI34(1.0),16/11/23 23:00:00,A,PC,FOR,EL,2019,36.5,
ESTAT:ILC_LI34(1.0),16/11/23 23:00:00,A,PC,FOR,EL,2020,32.3,
ESTAT:ILC_LI34(1.0),16/11/23 23:00:00,A,PC,FOR,EL,2021,36.6,
ESTAT:ILC_LI34(1.0),16/11/23 23:00:00,A,PC,FOR,EL,2022,38.1,
ESTAT:ILC_LI34(1.0),16/11/23 23:00:00,A,PC,FOR,ES,2004,39.7,
ESTAT:ILC_LI34(1.0),16/11/23 23:00:00,A,PC,FOR,ES,2005,38.8,
ESTAT:ILC_LI34(1.0),16/11/23 23:00:00,A,PC,FOR,ES,2006,43.8,
ESTAT:ILC_LI34(1.0),16/11/23 23:00:00,A,PC,FOR,ES,2007,43.6,
ESTAT:ILC_LI34(1.0),16/11/23 23:00:00,A,PC,FOR,ES,2008,48.8,
ESTAT:ILC_LI34(1.0),16/11/23 23:00:00,A,PC,FOR,ES,2009,48.9,
ESTAT:ILC_LI34(1.0),16/11/23 23:00:00,A,PC,FOR,ES,2010,46.7,
ESTAT:ILC_LI34(1.0),16/11/23 23:00:00,A,PC,FOR,ES,2011,47.6,
ESTAT:ILC_LI34(1.0),16/11/23 23:00:00,A,PC,FOR,ES,2012,49.7,
ESTAT:ILC_LI34(1.0),16/11/23 23:00:00,A,PC,FOR,ES,2013,46.0,
ESTAT:ILC_LI34(1.0),16/11/23 23:00:00,A,PC,FOR,ES,2014,55.1,
ESTAT:ILC_LI34(1.0),16/11/23 23:00:00,A,PC,FOR,ES,2015,50.0,
ESTAT:ILC_LI34(1.0),16/11/23 23:00:00,A,PC,FOR,ES,2016,50.0,
ESTAT:ILC_LI34(1.0),16/11/23 23:00:00,A,PC,FOR,ES,2017,49.6,
ESTAT:ILC_LI34(1.0),16/11/23 23:00:00,A,PC,FOR,ES,2018,49.2,
ESTAT:ILC_LI34(1.0),16/11/23 23:00:00,A,PC,FOR,ES,2019,51.1,
ESTAT:ILC_LI34(1.0),16/11/23 23:00:00,A,PC,FOR,ES,2020,49.0,
ESTAT:ILC_LI34(1.0),16/11/23 23:00:00,A,PC,FOR,ES,2021,55.3,
ESTAT:ILC_LI34(1.0),16/11/23 23:00:00,A,PC,FOR,ES,2022,50.5,
ESTAT:ILC_LI34(1.0),16/11/23 23:00:00,A,PC,FOR,EU,2009,32.0,e
ESTAT:ILC_LI34(1.0),16/11/23 23:00:00,A,PC,FOR,EU,2010,31.7,e
ESTAT:ILC_LI34(1.0),16/11/23 23:00:00,A,PC,FOR,EU,2011,32.8,e
ESTAT:ILC_LI34(1.0),16/11/23 23:00:00,A,PC,FOR,EU,2012,32.0,e
ESTAT:ILC_LI34(1.0),16/11/23 23:00:00,A,PC,FOR,EU,2013,31.3,e
ESTAT:ILC_LI34(1.0),16/11/23 23:00:00,A,PC,FOR,EU,2014,32.8,e
ESTAT:ILC_LI34(1.0),16/11/23 23:00:00,A,PC,FOR,EU,2015,33.2,e
ESTAT:ILC_LI34(1.0),16/11/23 23:00:00,A,PC,FOR,EU,2016,31.5,e
ESTAT:ILC_LI34(1.0),16/11/23 23:00:00,A,PC,FOR,EU,2017,32.3,e
ESTAT:ILC_LI34(1.0),16/11/23 23:00:00,A,PC,FOR,EU,2018,32.4,e
ESTAT:ILC_LI34(1.0),16/11/23 23:00:00,A,PC,FOR,EU,2019,30.8,e
ESTAT:ILC_LI34(1.0),16/11/23 23:00:00,A,PC,FOR,EU27_2007,2007,30.4,e
ESTAT:ILC_LI34(1.0),16/11/23 23:00:00,A,PC,FOR,EU27_2007,2008,31.8,e
ESTAT:ILC_LI34(1.0),16/11/23 23:00:00,A,PC,FOR,EU27_2007,2009,32.0,e
ESTAT:ILC_LI34(1.0),16/11/23 23:00:00,A,PC,FOR,EU27_2007,2010,31.8,e
ESTAT:ILC_LI34(1.0),16/11/23 23:00:00,A,PC,FOR,EU27_2007,2011,32.8,e
ESTAT:ILC_LI34(1.0),16/11/23 23:00:00,A,PC,FOR,EU27_2007,2012,32.0,e
ESTAT:ILC_LI34(1.0),16/11/23 23:00:00,A,PC,FOR,EU27_2007,2013,31.2,e
ESTAT:ILC_LI34(1.0),16/11/23 23:00:00,A,PC,FOR,EU27_2007,2014,32.8,e
ESTAT:ILC_LI34(1.0),16/11/23 23:00:00,A,PC,FOR,EU27_2007,2015,33.2,e
ESTAT:ILC_LI34(1.0),16/11/23 23:00:00,A,PC,FOR,EU27_2007,2016,31.5,e
ESTAT:ILC_LI34(1.0),16/11/23 23:00:00,A,PC,FOR,EU27_2007,2017,32.3,e
ESTAT:ILC_LI34(1.0),16/11/23 23:00:00,A,PC,FOR,EU27_2007,2018,32.4,e
ESTAT:ILC_LI34(1.0),16/11/23 23:00:00,A,PC,FOR,EU27_2007,2019,30.8,e
ESTAT:ILC_LI34(1.0),16/11/23 23:00:00,A,PC,FOR,EU27_2020,2010,33.4,e
ESTAT:ILC_LI34(1.0),16/11/23 23:00:00,A,PC,FOR,EU27_2020,2011,35.0,e
ESTAT:ILC_LI34(1.0),16/11/23 23:00:00,A,PC,FOR,EU27_2020,2012,33.2,e
ESTAT:ILC_LI34(1.0),16/11/23 23:00:00,A,PC,FOR,EU27_2020,2013,32.4,e
ESTAT:ILC_LI34(1.0),16/11/23 23:00:00,A,PC,FOR,EU27_2020,2014,34.2,e
ESTAT:ILC_LI34(1.0),16/11/23 23:00:00,A,PC,FOR,EU27_2020,2015,34.4,e
ESTAT:ILC_LI34(1.0),16/11/23 23:00:00,A,PC,FOR,EU27_2020,2016,33.5,e
ESTAT:ILC_LI34(1.0),16/11/23 23:00:00,A,PC,FOR,EU27_2020,2017,33.9,e
ESTAT:ILC_LI34(1.0),16/11/23 23:00:00,A,PC,FOR,EU27_2020,2018,33.7,e
ESTAT:ILC_LI34(1.0),16/11/23 23:00:00,A,PC,FOR,EU27_2020,2019,31.6,e
ESTAT:ILC_LI34(1.0),16/11/23 23:00:00,A,PC,FOR,EU27_2020,2020,32.6,
ESTAT:ILC_LI34(1.0),16/11/23 23:00:00,A,PC,FOR,EU27_2020,2021,33.5,
ESTAT:ILC_LI34(1.0),16/11/23 23:00:00,A,PC,FOR,EU27_2020,2022,32.8,
ESTAT:ILC_LI34(1.0),16/11/23 23:00:00,A,PC,FOR,EU28,2010,31.7,e
ESTAT:ILC_LI34(1.0),16/11/23 23:00:00,A,PC,FOR,EU28,2011,32.8,e
ESTAT:ILC_LI34(1.0),16/11/23 23:00:00,A,PC,FOR,EU28,2012,32.0,e
ESTAT:ILC_LI34(1.0),16/11/23 23:00:00,A,PC,FOR,EU28,2013,31.3,e
ESTAT:ILC_LI34(1.0),16/11/23 23:00:00,A,PC,FOR,EU28,2014,32.8,e
ESTAT:ILC_LI34(1.0),16/11/23 23:00:00,A,PC,FOR,EU28,2015,33.2,e
ESTAT:ILC_LI34(1.0),16/11/23 23:00:00,A,PC,FOR,EU28,2016,31.5,e
ESTAT:ILC_LI34(1.0),16/11/23 23:00:00,A,PC,FOR,EU28,2017,32.3,e
ESTAT:ILC_LI34(1.0),16/11/23 23:00:00,A,PC,FOR,EU28,2018,32.4,e
ESTAT:ILC_LI34(1.0),16/11/23 23:00:00,A,PC,FOR,EU28,2019,30.8,e
ESTAT:ILC_LI34(1.0),16/11/23 23:00:00,A,PC,FOR,FI,2004,23.4,
ESTAT:ILC_LI34(1.0),16/11/23 23:00:00,A,PC,FOR,FI,2005,21.3,
ESTAT:ILC_LI34(1.0),16/11/23 23:00:00,A,PC,FOR,FI,2006,24.7,
ESTAT:ILC_LI34(1.0),16/11/23 23:00:00,A,PC,FOR,FI,2007,22.6,
ESTAT:ILC_LI34(1.0),16/11/23 23:00:00,A,PC,FOR,FI,2008,28.8,
ESTAT:ILC_LI34(1.0),16/11/23 23:00:00,A,PC,FOR,FI,2009,34.2,
ESTAT:ILC_LI34(1.0),16/11/23 23:00:00,A,PC,FOR,FI,2010,34.0,
ESTAT:ILC_LI34(1.0),16/11/23 23:00:00,A,PC,FOR,FI,2011,26.6,
ESTAT:ILC_LI34(1.0),16/11/23 23:00:00,A,PC,FOR,FI,2012,23.9,
ESTAT:ILC_LI34(1.0),16/11/23 23:00:00,A,PC,FOR,FI,2013,21.4,
ESTAT:ILC_LI34(1.0),16/11/23 23:00:00,A,PC,FOR,FI,2014,21.8,
ESTAT:ILC_LI34(1.0),16/11/23 23:00:00,A,PC,FOR,FI,2015,19.8,
ESTAT:ILC_LI34(1.0),16/11/23 23:00:00,A,PC,FOR,FI,2016,19.0,
ESTAT:ILC_LI34(1.0),16/11/23 23:00:00,A,PC,FOR,FI,2017,20.4,
ESTAT:ILC_LI34(1.0),16/11/23 23:00:00,A,PC,FOR,FI,2018,19.4,
ESTAT:ILC_LI34(1.0),16/11/23 23:00:00,A,PC,FOR,FI,2019,15.7,
ESTAT:ILC_LI34(1.0),16/11/23 23:00:00,A,PC,FOR,FI,2020,17.1,
ESTAT:ILC_LI34(1.0),16/11/23 23:00:00,A,PC,FOR,FI,2021,15.1,
ESTAT:ILC_LI34(1.0),16/11/23 23:00:00,A,PC,FOR,FI,2022,19.8,
ESTAT:ILC_LI34(1.0),16/11/23 23:00:00,A,PC,FOR,FR,2004,24.5,
ESTAT:ILC_LI34(1.0),16/11/23 23:00:00,A,PC,FOR,FR,2005,25.2,
ESTAT:ILC_LI34(1.0),16/11/23 23:00:00,A,PC,FOR,FR,2006,24.5,
ESTAT:ILC_LI34(1.0),16/11/23 23:00:00,A,PC,FOR,FR,2007,28.6,
ESTAT:ILC_LI34(1.0),16/11/23 23:00:00,A,PC,FOR,FR,2008,31.8,
ESTAT:ILC_LI34(1.0),16/11/23 23:00:00,A,PC,FOR,FR,2009,32.9,
ESTAT:ILC_LI34(1.0),16/11/23 23:00:00,A,PC,FOR,FR,2010,30.6,
ESTAT:ILC_LI34(1.0),16/11/23 23:00:00,A,PC,FOR,FR,2011,39.3,
ESTAT:ILC_LI34(1.0),16/11/23 23:00:00,A,PC,FOR,FR,2012,35.4,
ESTAT:ILC_LI34(1.0),16/11/23 23:00:00,A,PC,FOR,FR,2013,37.3,
ESTAT:ILC_LI34(1.0),16/11/23 23:00:00,A,PC,FOR,FR,2014,34.5,
ESTAT:ILC_LI34(1.0),16/11/23 23:00:00,A,PC,FOR,FR,2015,38.7,
ESTAT:ILC_LI34(1.0),16/11/23 23:00:00,A,PC,FOR,FR,2016,40.1,
ESTAT:ILC_LI34(1.0),16/11/23 23:00:00,A,PC,FOR,FR,2017,40.7,
ESTAT:ILC_LI34(1.0),16/11/23 23:00:00,A,PC,FOR,FR,2018,43.6,
ESTAT:ILC_LI34(1.0),16/11/23 23:00:00,A,PC,FOR,FR,2019,36.5,
ESTAT:ILC_LI34(1.0),16/11/23 23:00:00,A,PC,FOR,FR,2020,36.3,b
ESTAT:ILC_LI34(1.0),16/11/23 23:00:00,A,PC,FOR,FR,2021,34.9,
ESTAT:ILC_LI34(1.0),16/11/23 23:00:00,A,PC,FOR,FR,2022,40.2,b
ESTAT:ILC_LI34(1.0),16/11/23 23:00:00,A,PC,FOR,HR,2010,24.5,
ESTAT:ILC_LI34(1.0),16/11/23 23:00:00,A,PC,FOR,HR,2011,28.2,
ESTAT:ILC_LI34(1.0),16/11/23 23:00:00,A,PC,FOR,HR,2012,29.5,
ESTAT:ILC_LI34(1.0),16/11/23 23:00:00,A,PC,FOR,HR,2013,37.2,
ESTAT:ILC_LI34(1.0),16/11/23 23:00:00,A,PC,FOR,HR,2014,33.0,
ESTAT:ILC_LI34(1.0),16/11/23 23:00:00,A,PC,FOR,HR,2015,32.8,
ESTAT:ILC_LI34(1.0),16/11/23 23:00:00,A,PC,FOR,HR,2016,31.8,
ESTAT:ILC_LI34(1.0),16/11/23 23:00:00,A,PC,FOR,HR,2017,32.7,
ESTAT:ILC_LI34(1.0),16/11/23 23:00:00,A,PC,FOR,HR,2018,30.3,
ESTAT:ILC_LI34(1.0),16/11/23 23:00:00,A,PC,FOR,HR,2019,23.2,
ESTAT:ILC_LI34(1.0),16/11/23 23:00:00,A,PC,FOR,HR,2020,21.3,
ESTAT:ILC_LI34(1.0),16/11/23 23:00:00,A,PC,FOR,HR,2021,22.9,
ESTAT:ILC_LI34(1.0),16/11/23 23:00:00,A,PC,FOR,HR,2022,27.1,
ESTAT:ILC_LI34(1.0),16/11/23 23:00:00,A,PC,FOR,HU,2005,17.8,
ESTAT:ILC_LI34(1.0),16/11/23 23:00:00,A,PC,FOR,HU,2006,15.4,
ESTAT:ILC_LI34(1.0),16/11/23 23:00:00,A,PC,FOR,HU,2007,20.4,
ESTAT:ILC_LI34(1.0),16/11/23 23:00:00,A,PC,FOR,HU,2008,15.5,
ESTAT:ILC_LI34(1.0),16/11/23 23:00:00,A,PC,FOR,HU,2009,13.4,
ESTAT:ILC_LI34(1.0),16/11/23 23:00:00,A,PC,FOR,HU,2010,8.2,
ESTAT:ILC_LI34(1.0),16/11/23 23:00:00,A,PC,FOR,HU,2011,23.8,
ESTAT:ILC_LI34(1.0),16/11/23 23:00:00,A,PC,FOR,HU,2012,30.9,
ESTAT:ILC_LI34(1.0),16/11/23 23:00:00,A,PC,FOR,HU,2013,8.7,
ESTAT:ILC_LI34(1.0),16/11/23 23:00:00,A,PC,FOR,HU,2014,17.6,
ESTAT:ILC_LI34(1.0),16/11/23 23:00:00,A,PC,FOR,HU,2015,22.7,
ESTAT:ILC_LI34(1.0),16/11/23 23:00:00,A,PC,FOR,HU,2016,19.4,
ESTAT:ILC_LI34(1.0),16/11/23 23:00:00,A,PC,FOR,HU,2017,31.3,
ESTAT:ILC_LI34(1.0),16/11/23 23:00:00,A,PC,FOR,HU,2018,16.7,
ESTAT:ILC_LI34(1.0),16/11/23 23:00:00,A,PC,FOR,HU,2019,8.8,
ESTAT:ILC_LI34(1.0),16/11/23 23:00:00,A,PC,FOR,HU,2020,1.8,
ESTAT:ILC_LI34(1.0),16/11/23 23:00:00,A,PC,FOR,HU,2021,2.9,
ESTAT:ILC_LI34(1.0),16/11/23 23:00:00,A,PC,FOR,HU,2022,1.4,
ESTAT:ILC_LI34(1.0),16/11/23 23:00:00,A,PC,FOR,IE,2003,22.3,
ESTAT:ILC_LI34(1.0),16/11/23 23:00:00,A,PC,FOR,IE,2004,23.6,
ESTAT:ILC_LI34(1.0),16/11/23 23:00:00,A,PC,FOR,IE,2005,30.1,
ESTAT:ILC_LI34(1.0),16/11/23 23:00:00,A,PC,FOR,IE,2006,20.7,
ESTAT:ILC_LI34(1.0),16/11/23 23:00:00,A,PC,FOR,IE,2007,17.5,
ESTAT:ILC_LI34(1.0),16/11/23 23:00:00,A,PC,FOR,IE,2008,14.7,
ESTAT:ILC_LI34(1.0),16/11/23 23:00:00,A,PC,FOR,IE,2009,12.9,
ESTAT:ILC_LI34(1.0),16/11/23 23:00:00,A,PC,FOR,IE,2010,17.0,
ESTAT:ILC_LI34(1.0),16/11/23 23:00:00,A,PC,FOR,IE,2011,16.2,
ESTAT:ILC_LI34(1.0),16/11/23 23:00:00,A,PC,FOR,IE,2012,20.0,
ESTAT:ILC_LI34(1.0),16/11/23 23:00:00,A,PC,FOR,IE,2013,21.2,
ESTAT:ILC_LI34(1.0),16/11/23 23:00:00,A,PC,FOR,IE,2014,20.6,
ESTAT:ILC_LI34(1.0),16/11/23 23:00:00,A,PC,FOR,IE,2015,21.3,
ESTAT:ILC_LI34(1.0),16/11/23 23:00:00,A,PC,FOR,IE,2016,21.8,
ESTAT:ILC_LI34(1.0),16/11/23 23:00:00,A,PC,FOR,IE,2017,18.9,
ESTAT:ILC_LI34(1.0),16/11/23 23:00:00,A,PC,FOR,IE,2018,19.2,
ESTAT:ILC_LI34(1.0),16/11/23 23:00:00,A,PC,FOR,IE,2019,16.4,
ESTAT:ILC_LI34(1.0),16/11/23 23:00:00,A,PC,FOR,IE,2020,18.9,b
ESTAT:ILC_LI34(1.0),16/11/23 23:00:00,A,PC,FOR,IE,2021,18.8,
ESTAT:ILC_LI34(1.0),16/11/23 23:00:00,A,PC,FOR,IE,2022,18.5,
ESTAT:ILC_LI34(1.0),16/11/23 23:00:00,A,PC,FOR,IS,2004,14.5,
ESTAT:ILC_LI34(1.0),16/11/23 23:00:00,A,PC,FOR,IS,2005,10.7,
ESTAT:ILC_LI34(1.0),16/11/23 23:00:00,A,PC,FOR,IS,2006,11.7,
ESTAT:ILC_LI34(1.0),16/11/23 23:00:00,A,PC,FOR,IS,2007,10.9,
ESTAT:ILC_LI34(1.0),16/11/23 23:00:00,A,PC,FOR,IS,2008,16.4,
ESTAT:ILC_LI34(1.0),16/11/23 23:00:00,A,PC,FOR,IS,2009,10.6,
ESTAT:ILC_LI34(1.0),16/11/23 23:00:00,A,PC,FOR,IS,2010,15.5,
ESTAT:ILC_LI34(1.0),16/11/23 23:00:00,A,PC,FOR,IS,2011,18.7,
ESTAT:ILC_LI34(1.0),16/11/23 23:00:00,A,PC,FOR,IS,2012,12.6,
ESTAT:ILC_LI34(1.0),16/11/23 23:00:00,A,PC,FOR,IS,2013,11.1,
ESTAT:ILC_LI34(1.0),16/11/23 23:00:00,A,PC,FOR,IS,2014,7.3,
ESTAT:ILC_LI34(1.0),16/11/23 23:00:00,A,PC,FOR,IS,2015,16.1,
ESTAT:ILC_LI34(1.0),16/11/23 23:00:00,A,PC,FOR,IS,2016,15.6,
ESTAT:ILC_LI34(1.0),16/11/23 23:00:00,A,PC,FOR,IS,2017,13.6,
ESTAT:ILC_LI34(1.0),16/11/23 23:00:00,A,PC,FOR,IS,2018,13.3,
ESTAT:ILC_LI34(1.0),16/11/23 23:00:00,A,PC,FOR,IT,2004,32.2,
ESTAT:ILC_LI34(1.0),16/11/23 23:00:00,A,PC,FOR,IT,2005,27.0,
ESTAT:ILC_LI34(1.0),16/11/23 23:00:00,A,PC,FOR,IT,2006,29.9,
ESTAT:ILC_LI34(1.0),16/11/23 23:00:00,A,PC,FOR,IT,2007,30.9,
ESTAT:ILC_LI34(1.0),16/11/23 23:00:00,A,PC,FOR,IT,2008,31.1,
ESTAT:ILC_LI34(1.0),16/11/23 23:00:00,A,PC,FOR,IT,2009,34.6,
ESTAT:ILC_LI34(1.0),16/11/23 23:00:00,A,PC,FOR,IT,2010,38.8,
ESTAT:ILC_LI34(1.0),16/11/23 23:00:00,A,PC,FOR,IT,2011,37.3,
ESTAT:ILC_LI34(1.0),16/11/23 23:00:00,A,PC,FOR,IT,2012,34.2,
ESTAT:ILC_LI34(1.0),16/11/23 23:00:00,A,PC,FOR,IT,2013,31.1,
ESTAT:ILC_LI34(1.0),16/11/23 23:00:00,A,PC,FOR,IT,2014,35.1,
ESTAT:ILC_LI34(1.0),16/11/23 23:00:00,A,PC,FOR,IT,2015,40.3,
ESTAT:ILC_LI34(1.0),16/11/23 23:00:00,A,PC,FOR,IT,2016,40.3,
ESTAT:ILC_LI34(1.0),16/11/23 23:00:00,A,PC,FOR,IT,2017,41.2,
ESTAT:ILC_LI34(1.0),16/11/23 23:00:00,A,PC,FOR,IT,2018,40.2,
ESTAT:ILC_LI34(1.0),16/11/23 23:00:00,A,PC,FOR,IT,2019,33.6,
ESTAT:ILC_LI34(1.0),16/11/23 23:00:00,A,PC,FOR,IT,2020,39.6,
ESTAT:ILC_LI34(1.0),16/11/23 23:00:00,A,PC,FOR,IT,2021,37.9,
ESTAT:ILC_LI34(1.0),16/11/23 23:00:00,A,PC,FOR,IT,2022,37.0,
ESTAT:ILC_LI34(1.0),16/11/23 23:00:00,A,PC,FOR,LT,2005,25.8,
ESTAT:ILC_LI34(1.0),16/11/23 23:00:00,A,PC,FOR,LT,2006,18.0,
ESTAT:ILC_LI34(1.0),16/11/23 23:00:00,A,PC,FOR,LT,2007,14.1,
ESTAT:ILC_LI34(1.0),16/11/23 23:00:00,A,PC,FOR,LT,2008,7.6,
ESTAT:ILC_LI34(1.0),16/11/23 23:00:00,A,PC,FOR,LT,2009,26.8,
ESTAT:ILC_LI34(1.0),16/11/23 23:00:00,A,PC,FOR,LT,2010,15.4,
ESTAT:ILC_LI34(1.0),16/11/23 23:00:00,A,PC,FOR,LT,2011,35.7,
ESTAT:ILC_LI34(1.0),16/11/23 23:00:00,A,PC,FOR,LT,2012,20.5,
ESTAT:ILC_LI34(1.0),16/11/23 23:00:00,A,PC,FOR,LT,2013,28.0,
ESTAT:ILC_LI34(1.0),16/11/23 23:00:00,A,PC,FOR,LT,2014,36.2,
ESTAT:ILC_LI34(1.0),16/11/23 23:00:00,A,PC,FOR,LT,2015,35.0,
ESTAT:ILC_LI34(1.0),16/11/23 23:00:00,A,PC,FOR,LT,2016,38.5,
ESTAT:ILC_LI34(1.0),16/11/23 23:00:00,A,PC,FOR,LT,2017,31.0,
ESTAT:ILC_LI34(1.0),16/11/23 23:00:00,A,PC,FOR,LT,2018,22.5,
ESTAT:ILC_LI34(1.0),16/11/23 23:00:00,A,PC,FOR,LT,2019,22.4,
ESTAT:ILC_LI34(1.0),16/11/23 23:00:00,A,PC,FOR,LT,2020,14.2,
ESTAT:ILC_LI34(1.0),16/11/23 23:00:00,A,PC,FOR,LT,2021,6.5,
ESTAT:ILC_LI34(1.0),16/11/23 23:00:00,A,PC,FOR,LT,2022,18.7,
ESTAT:ILC_LI34(1.0),16/11/23 23:00:00,A,PC,FOR,LU,2003,21.4,
ESTAT:ILC_LI34(1.0),16/11/23 23:00:00,A,PC,FOR,LU,2004,27.7,
ESTAT:ILC_LI34(1.0),16/11/23 23:00:00,A,PC,FOR,LU,2005,29.2,
ESTAT:ILC_LI34(1.0),16/11/23 23:00:00,A,PC,FOR,LU,2006,27.6,
ESTAT:ILC_LI34(1.0),16/11/23 23:00:00,A,PC,FOR,LU,2007,27.0,
ESTAT:ILC_LI34(1.0),16/11/23 23:00:00,A,PC,FOR,LU,2008,27.2,
ESTAT:ILC_LI34(1.0),16/11/23 23:00:00,A,PC,FOR,LU,2009,28.2,
ESTAT:ILC_LI34(1.0),16/11/23 23:00:00,A,PC,FOR,LU,2010,25.2,
ESTAT:ILC_LI34(1.0),16/11/23 23:00:00,A,PC,FOR,LU,2011,24.5,
ESTAT:ILC_LI34(1.0),16/11/23 23:00:00,A,PC,FOR,LU,2012,27.4,
ESTAT:ILC_LI34(1.0),16/11/23 23:00:00,A,PC,FOR,LU,2013,28.4,
ESTAT:ILC_LI34(1.0),16/11/23 23:00:00,A,PC,FOR,LU,2014,29.6,
ESTAT:ILC_LI34(1.0),16/11/23 23:00:00,A,PC,FOR,LU,2015,25.9,
ESTAT:ILC_LI34(1.0),16/11/23 23:00:00,A,PC,FOR,LU,2016,24.7,b
ESTAT:ILC_LI34(1.0),16/11/23 23:00:00,A,PC,FOR,LU,2017,24.1,
ESTAT:ILC_LI34(1.0),16/11/23 23:00:00,A,PC,FOR,LU,2018,25.4,
ESTAT:ILC_LI34(1.0),16/11/23 23:00:00,A,PC,FOR,LU,2019,29.1,
ESTAT:ILC_LI34(1.0),16/11/23 23:00:00,A,PC,FOR,LU,2020,25.9,b
ESTAT:ILC_LI34(1.0),16/11/23 23:00:00,A,PC,FOR,LU,2021,32.4,b
ESTAT:ILC_LI34(1.0),16/11/23 23:00:00,A,PC,FOR,LU,2022,26.6,b
ESTAT:ILC_LI34(1.0),16/11/23 23:00:00,A,PC,FOR,LV,2005,22.7,
ESTAT:ILC_LI34(1.0),16/11/23 23:00:00,A,PC,FOR,LV,2006,23.4,
ESTAT:ILC_LI34(1.0),16/11/23 23:00:00,A,PC,FOR,LV,2007,17.9,
ESTAT:ILC_LI34(1.0),16/11/23 23:00:00,A,PC,FOR,LV,2008,19.8,
ESTAT:ILC_LI34(1.0),16/11/23 23:00:00,A,PC,FOR,LV,2009,22.1,
ESTAT:ILC_LI34(1.0),16/11/23 23:00:00,A,PC,FOR,LV,2010,22.3,
ESTAT:ILC_LI34(1.0),16/11/23 23:00:00,A,PC,FOR,LV,2011,24.5,
ESTAT:ILC_LI34(1.0),16/11/23 23:00:00,A,PC,FOR,LV,2012,22.2,
ESTAT:ILC_LI34(1.0),16/11/23 23:00:00,A,PC,FOR,LV,2013,17.5,
ESTAT:ILC_LI34(1.0),16/11/23 23:00:00,A,PC,FOR,LV,2014,15.2,
ESTAT:ILC_LI34(1.0),16/11/23 23:00:00,A,PC,FOR,LV,2015,17.7,
ESTAT:ILC_LI34(1.0),16/11/23 23:00:00,A,PC,FOR,LV,2016,8.8,
ESTAT:ILC_LI34(1.0),16/11/23 23:00:00,A,PC,FOR,LV,2017,14.4,
ESTAT:ILC_LI34(1.0),16/11/23 23:00:00,A,PC,FOR,LV,2018,11.6,
ESTAT:ILC_LI34(1.0),16/11/23 23:00:00,A,PC,FOR,LV,2019,13.8,
ESTAT:ILC_LI34(1.0),16/11/23 23:00:00,A,PC,FOR,LV,2020,12.2,
ESTAT:ILC_LI34(1.0),16/11/23 23:00:00,A,PC,FOR,LV,2021,15.6,
ESTAT:ILC_LI34(1.0),16/11/23 23:00:00,A,PC,FOR,LV,2022,11.5,
ESTAT:ILC_LI34(1.0),16/11/23 23:00:00,A,PC,FOR,ME,2013,40.4,
ESTAT:ILC_LI34(1.0),16/11/23 23:00:00,A,PC,FOR,ME,2014,30.0,
ESTAT:ILC_LI34(1.0),16/11/23 23:00:00,A,PC,FOR,ME,2015,37.0,
ESTAT:ILC_LI34(1.0),16/11/23 23:00:00,A,PC,FOR,ME,2016,37.1,
ESTAT:ILC_LI34(1.0),16/11/23 23:00:00,A,PC,FOR,ME,2017,42.2,
ESTAT:ILC_LI34(1.0),16/11/23 23:00:00,A,PC,FOR,ME,2018,46.8,
ESTAT:ILC_LI34(1.0),16/11/23 23:00:00,A,PC,FOR,ME,2019,46.5,
ESTAT:ILC_LI34(1.0),16/11/23 23:00:00,A,PC,FOR,ME,2020,32.7,
ESTAT:ILC_LI34(1.0),16/11/23 23:00:00,A,PC,FOR,ME,2021,36.3,
ESTAT:ILC_LI34(1.0),16/11/23 23:00:00,A,PC,FOR,MK,2010,16.1,
ESTAT:ILC_LI34(1.0),16/11/23 23:00:00,A,PC,FOR,MK,2011,26.3,
ESTAT:ILC_LI34(1.0),16/11/23 23:00:00,A,PC,FOR,MK,2012,28.0,u
ESTAT:ILC_LI34(1.0),16/11/23 23:00:00,A,PC,FOR,MK,2013,20.3,u
ESTAT:ILC_LI34(1.0),16/11/23 23:00:00,A,PC,FOR,MK,2014,46.0,u
ESTAT:ILC_LI34(1.0),16/11/23 23:00:00,A,PC,FOR,MK,2015,52.6,
ESTAT:ILC_LI34(1.0),16/11/23 23:00:00,A,PC,FOR,MK,2016,48.3,
ESTAT:ILC_LI34(1.0),16/11/23 23:00:00,A,PC,FOR,MK,2017,45.3,
ESTAT:ILC_LI34(1.0),16/11/23 23:00:00,A,PC,FOR,MK,2018,36.6,
ESTAT:ILC_LI34(1.0),16/11/23 23:00:00,A,PC,FOR,MK,2019,28.7,
ESTAT:ILC_LI34(1.0),16/11/23 23:00:00,A,PC,FOR,MK,2020,20.8,
ESTAT:ILC_LI34(1.0),16/11/23 23:00:00,A,PC,FOR,MT,2005,8.2,
ESTAT:ILC_LI34(1.0),16/11/23 23:00:00,A,PC,FOR,MT,2006,8.8,
ESTAT:ILC_LI34(1.0),16/11/23 23:00:00,A,PC,FOR,MT,2007,25.9,
ESTAT:ILC_LI34(1.0),16/11/23 23:00:00,A,PC,FOR,MT,2008,19.1,
ESTAT:ILC_LI34(1.0),16/11/23 23:00:00,A,PC,FOR,MT,2009,19.8,
ESTAT:ILC_LI34(1.0),16/11/23 23:00:00,A,PC,FOR,MT,2010,25.2,
ESTAT:ILC_LI34(1.0),16/11/23 23:00:00,A,PC,FOR,MT,2011,19.8,
ESTAT:ILC_LI34(1.0),16/11/23 23:00:00,A,PC,FOR,MT,2012,25.1,
ESTAT:ILC_LI34(1.0),16/11/23 23:00:00,A,PC,FOR,MT,2013,24.1,
ESTAT:ILC_LI34(1.0),16/11/23 23:00:00,A,PC,FOR,MT,2014,28.3,
ESTAT:ILC_LI34(1.0),16/11/23 23:00:00,A,PC,FOR,MT,2015,30.0,
ESTAT:ILC_LI34(1.0),16/11/23 23:00:00,A,PC,FOR,MT,2016,28.1,
ESTAT:ILC_LI34(1.0),16/11/23 23:00:00,A,PC,FOR,MT,2017,28.8,
ESTAT:ILC_LI34(1.0),16/11/23 23:00:00,A,PC,FOR,MT,2018,26.8,
ESTAT:ILC_LI34(1.0),16/11/23 23:00:00,A,PC,FOR,MT,2019,20.9,
ESTAT:ILC_LI34(1.0),16/11/23 23:00:00,A,PC,FOR,MT,2020,13.0,
ESTAT:ILC_LI34(1.0),16/11/23 23:00:00,A,PC,FOR,MT,2021,20.8,
ESTAT:ILC_LI34(1.0),16/11/23 23:00:00,A,PC,FOR,MT,2022,22.4,
ESTAT:ILC_LI34(1.0),16/11/23 23:00:00,A,PC,FOR,NL,2005,29.0,
ESTAT:ILC_LI34(1.0),16/11/23 23:00:00,A,PC,FOR,NL,2006,31.0,
ESTAT:ILC_LI34(1.0),16/11/23 23:00:00,A,PC,FOR,NL,2007,24.7,
ESTAT:ILC_LI34(1.0),16/11/23 23:00:00,A,PC,FOR,NL,2008,22.2,
ESTAT:ILC_LI34(1.0),16/11/23 23:00:00,A,PC,FOR,NL,2009,28.9,
ESTAT:ILC_LI34(1.0),16/11/23 23:00:00,A,PC,FOR,NL,2010,20.9,
ESTAT:ILC_LI34(1.0),16/11/23 23:00:00,A,PC,FOR,NL,2011,29.6,
ESTAT:ILC_LI34(1.0),16/11/23 23:00:00,A,PC,FOR,NL,2012,23.7,
ESTAT:ILC_LI34(1.0),16/11/23 23:00:00,A,PC,FOR,NL,2013,23.9,
ESTAT:ILC_LI34(1.0),16/11/23 23:00:00,A,PC,FOR,NL,2014,24.3,
ESTAT:ILC_LI34(1.0),16/11/23 23:00:00,A,PC,FOR,NL,2015,20.2,
ESTAT:ILC_LI34(1.0),16/11/23 23:00:00,A,PC,FOR,NL,2016,27.5,b
ESTAT:ILC_LI34(1.0),16/11/23 23:00:00,A,PC,FOR,NL,2017,27.1,
ESTAT:ILC_LI34(1.0),16/11/23 23:00:00,A,PC,FOR,NL,2018,26.9,
ESTAT:ILC_LI34(1.0),16/11/23 23:00:00,A,PC,FOR,NL,2019,27.4,
ESTAT:ILC_LI34(1.0),16/11/23 23:00:00,A,PC,FOR,NL,2020,29.3,
ESTAT:ILC_LI34(1.0),16/11/23 23:00:00,A,PC,FOR,NL,2021,31.3,
ESTAT:ILC_LI34(1.0),16/11/23 23:00:00,A,PC,FOR,NL,2022,29.3,
ESTAT:ILC_LI34(1.0),16/11/23 23:00:00,A,PC,FOR,NO,2003,17.6,
ESTAT:ILC_LI34(1.0),16/11/23 23:00:00,A,PC,FOR,NO,2004,18.4,
ESTAT:ILC_LI34(1.0),16/11/23 23:00:00,A,PC,FOR,NO,2005,22.7,
ESTAT:ILC_LI34(1.0),16/11/23 23:00:00,A,PC,FOR,NO,2006,21.5,
ESTAT:ILC_LI34(1.0),16/11/23 23:00:00,A,PC,FOR,NO,2007,19.7,
ESTAT:ILC_LI34(1.0),16/11/23 23:00:00,A,PC,FOR,NO,2008,20.2,
ESTAT:ILC_LI34(1.0),16/11/23 23:00:00,A,PC,FOR,NO,2009,22.5,
ESTAT:ILC_LI34(1.0),16/11/23 23:00:00,A,PC,FOR,NO,2010,19.5,
ESTAT:ILC_LI34(1.0),16/11/23 23:00:00,A,PC,FOR,NO,2011,25.3,
ESTAT:ILC_LI34(1.0),16/11/23 23:00:00,A,PC,FOR,NO,2012,19.7,
ESTAT:ILC_LI34(1.0),16/11/23 23:00:00,A,PC,FOR,NO,2013,20.7,
ESTAT:ILC_LI34(1.0),16/11/23 23:00:00,A,PC,FOR,NO,2014,18.9,
ESTAT:ILC_LI34(1.0),16/11/23 23:00:00,A,PC,FOR,NO,2015,18.5,
ESTAT:ILC_LI34(1.0),16/11/23 23:00:00,A,PC,FOR,NO,2016,20.7,
ESTAT:ILC_LI34(1.0),16/11/23 23:00:00,A,PC,FOR,NO,2017,26.6,
ESTAT:ILC_LI34(1.0),16/11/23 23:00:00,A,PC,FOR,NO,2018,24.8,
ESTAT:ILC_LI34(1.0),16/11/23 23:00:00,A,PC,FOR,NO,2019,24.8,
ESTAT:ILC_LI34(1.0),16/11/23 23:00:00,A,PC,FOR,NO,2020,25.5,
ESTAT:ILC_LI34(1.0),16/11/23 23:00:00,A,PC,FOR,NO,2021,23.2,b
ESTAT:ILC_LI34(1.0),16/11/23 23:00:00,A,PC,FOR,NO,2022,17.3,
ESTAT:ILC_LI34(1.0),16/11/23 23:00:00,A,PC,FOR,PL,2005,16.7,u
ESTAT:ILC_LI34(1.0),16/11/23 23:00:00,A,PC,FOR,PL,2006,12.2,u
ESTAT:ILC_LI34(1.0),16/11/23 23:00:00,A,PC,FOR,PL,2007,18.5,
ESTAT:ILC_LI34(1.0),16/11/23 23:00:00,A,PC,FOR,PL,2008,13.6,u
ESTAT:ILC_LI34(1.0),16/11/23 23:00:00,A,PC,FOR,PL,2009,11.6,u
ESTAT:ILC_LI34(1.0),16/11/23 23:00:00,A,PC,FOR,PL,2010,31.6,u
ESTAT:ILC_LI34(1.0),16/11/23 23:00:00,A,PC,FOR,PL,2011,,u
ESTAT:ILC_LI34(1.0),16/11/23 23:00:00,A,PC,FOR,PL,2012,27.1,u
ESTAT:ILC_LI34(1.0),16/11/23 23:00:00,A,PC,FOR,PL,2013,20.9,u
ESTAT:ILC_LI34(1.0),16/11/23 23:00:00,A,PC,FOR,PL,2014,24.4,u
ESTAT:ILC_LI34(1.0),16/11/23 23:00:00,A,PC,FOR,PL,2015,5.0,u
ESTAT:ILC_LI34(1.0),16/11/23 23:00:00,A,PC,FOR,PL,2016,6.8,u
ESTAT:ILC_LI34(1.0),16/11/23 23:00:00,A,PC,FOR,PL,2017,34.9,u
ESTAT:ILC_LI34(1.0),16/11/23 23:00:00,A,PC,FOR,PL,2018,15.8,u
ESTAT:ILC_LI34(1.0),16/11/23 23:00:00,A,PC,FOR,PL,2019,21.8,
ESTAT:ILC_LI34(1.0),16/11/23 23:00:00,A,PC,FOR,PL,2020,15.8,u
ESTAT:ILC_LI34(1.0),16/11/23 23:00:00,A,PC,FOR,PL,2021,5.7,
ESTAT:ILC_LI34(1.0),16/11/23 23:00:00,A,PC,FOR,PL,2022,9.2,
ESTAT:ILC_LI34(1.0),16/11/23 23:00:00,A,PC,FOR,PT,2004,19.8,
ESTAT:ILC_LI34(1.0),16/11/23 23:00:00,A,PC,FOR,PT,2005,14.1,
ESTAT:ILC_LI34(1.0),16/11/23 23:00:00,A,PC,FOR,PT,2006,14.0,
ESTAT:ILC_LI34(1.0),16/11/23 23:00:00,A,PC,FOR,PT,2007,6.6,
ESTAT:ILC_LI34(1.0),16/11/23 23:00:00,A,PC,FOR,PT,2008,18.6,
ESTAT:ILC_LI34(1.0),16/11/23 23:00:00,A,PC,FOR,PT,2009,22.6,
ESTAT:ILC_LI34(1.0),16/11/23 23:00:00,A,PC,FOR,PT,2010,24.2,
ESTAT:ILC_LI34(1.0),16/11/23 23:00:00,A,PC,FOR,PT,2011,26.7,
ESTAT:ILC_LI34(1.0),16/11/23 23:00:00,A,PC,FOR,PT,2012,21.7,
ESTAT:ILC_LI34(1.0),16/11/23 23:00:00,A,PC,FOR,PT,2013,25.9,
ESTAT:ILC_LI34(1.0),16/11/23 23:00:00,A,PC,FOR,PT,2014,25.6,
ESTAT:ILC_LI34(1.0),16/11/23 23:00:00,A,PC,FOR,PT,2015,26.6,
ESTAT:ILC_LI34(1.0),16/11/23 23:00:00,A,PC,FOR,PT,2016,18.6,
ESTAT:ILC_LI34(1.0),16/11/23 23:00:00,A,PC,FOR,PT,2017,20.3,
ESTAT:ILC_LI34(1.0),16/11/23 23:00:00,A,PC,FOR,PT,2018,15.0,
ESTAT:ILC_LI34(1.0),16/11/23 23:00:00,A,PC,FOR,PT,2019,17.8,
ESTAT:ILC_LI34(1.0),16/11/23 23:00:00,A,PC,FOR,PT,2020,16.1,
ESTAT:ILC_LI34(1.0),16/11/23 23:00:00,A,PC,FOR,PT,2021,21.8,b
ESTAT:ILC_LI34(1.0),16/11/23 23:00:00,A,PC,FOR,PT,2022,22.0,
ESTAT:ILC_LI34(1.0),16/11/23 23:00:00,A,PC,FOR,RO,2007,,u
ESTAT:ILC_LI34(1.0),16/11/23 23:00:00,A,PC,FOR,RO,2008,,u
ESTAT:ILC_LI34(1.0),16/11/23 23:00:00,A,PC,FOR,RO,2009,,u
ESTAT:ILC_LI34(1.0),16/11/23 23:00:00,A,PC,FOR,RO,2010,,u
ESTAT:ILC_LI34(1.0),16/11/23 23:00:00,A,PC,FOR,RO,2011,,u
ESTAT:ILC_LI34(1.0),16/11/23 23:00:00,A,PC,FOR,RO,2012,,u
ESTAT:ILC_LI34(1.0),16/11/23 23:00:00,A,PC,FOR,RO,2013,,u
ESTAT:ILC_LI34(1.0),16/11/23 23:00:00,A,PC,FOR,RO,2014,,u
ESTAT:ILC_LI34(1.0),16/11/23 23:00:00,A,PC,FOR,RO,2015,,u
ESTAT:ILC_LI34(1.0),16/11/23 23:00:00,A,PC,FOR,RO,2016,,u
ESTAT:ILC_LI34(1.0),16/11/23 23:00:00,A,PC,FOR,RO,2017,,u
ESTAT:ILC_LI34(1.0),16/11/23 23:00:00,A,PC,FOR,RO,2018,,u
ESTAT:ILC_LI34(1.0),16/11/23 23:00:00,A,PC,FOR,RO,2019,,z
ESTAT:ILC_LI34(1.0),16/11/23 23:00:00,A,PC,FOR,RO,2020,,z
ESTAT:ILC_LI34(1.0),16/11/23 23:00:00,A,PC,FOR,RO,2021,,z
ESTAT:ILC_LI34(1.0),16/11/23 23:00:00,A,PC,FOR,RO,2022,,z
ESTAT:ILC_LI34(1.0),16/11/23 23:00:00,A,PC,FOR,RS,2013,29.7,
ESTAT:ILC_LI34(1.0),16/11/23 23:00:00,A,PC,FOR,RS,2014,25.0,
ESTAT:ILC_LI34(1.0),16/11/23 23:00:00,A,PC,FOR,RS,2015,27.3,
ESTAT:ILC_LI34(1.0),16/11/23 23:00:00,A,PC,FOR,RS,2016,22.7,
ESTAT:ILC_LI34(1.0),16/11/23 23:00:00,A,PC,FOR,RS,2017,25.7,
ESTAT:ILC_LI34(1.0),16/11/23 23:00:00,A,PC,FOR,RS,2018,22.7,
ESTAT:ILC_LI34(1.0),16/11/23 23:00:00,A,PC,FOR,RS,2019,22.4,
ESTAT:ILC_LI34(1.0),16/11/23 23:00:00,A,PC,FOR,RS,2020,19.4,
ESTAT:ILC_LI34(1.0),16/11/23 23:00:00,A,PC,FOR,RS,2021,8.3,
ESTAT:ILC_LI34(1.0),16/11/23 23:00:00,A,PC,FOR,SE,2004,24.6,
ESTAT:ILC_LI34(1.0),16/11/23 23:00:00,A,PC,FOR,SE,2005,19.7,
ESTAT:ILC_LI34(1.0),16/11/23 23:00:00,A,PC,FOR,SE,2006,34.9,
ESTAT:ILC_LI34(1.0),16/11/23 23:00:00,A,PC,FOR,SE,2007,25.2,
ESTAT:ILC_LI34(1.0),16/11/23 23:00:00,A,PC,FOR,SE,2008,30.6,b
ESTAT:ILC_LI34(1.0),16/11/23 23:00:00,A,PC,FOR,SE,2009,31.8,
ESTAT:ILC_LI34(1.0),16/11/23 23:00:00,A,PC,FOR,SE,2010,32.7,
ESTAT:ILC_LI34(1.0),16/11/23 23:00:00,A,PC,FOR,SE,2011,33.3,
ESTAT:ILC_LI34(1.0),16/11/23 23:00:00,A,PC,FOR,SE,2012,33.7,
ESTAT:ILC_LI34(1.0),16/11/23 23:00:00,A,PC,FOR,SE,2013,38.8,
ESTAT:ILC_LI34(1.0),16/11/23 23:00:00,A,PC,FOR,SE,2014,38.1,
ESTAT:ILC_LI34(1.0),16/11/23 23:00:00,A,PC,FOR,SE,2015,39.6,
ESTAT:ILC_LI34(1.0),16/11/23 23:00:00,A,PC,FOR,SE,2016,40.1,
ESTAT:ILC_LI34(1.0),16/11/23 23:00:00,A,PC,FOR,SE,2017,37.3,
ESTAT:ILC_LI34(1.0),16/11/23 23:00:00,A,PC,FOR,SE,2018,38.0,
ESTAT:ILC_LI34(1.0),16/11/23 23:00:00,A,PC,FOR,SE,2019,43.7,
ESTAT:ILC_LI34(1.0),16/11/23 23:00:00,A,PC,FOR,SE,2020,38.1,
ESTAT:ILC_LI34(1.0),16/11/23 23:00:00,A,PC,FOR,SE,2021,35.0,
ESTAT:ILC_LI34(1.0),16/11/23 23:00:00,A,PC,FOR,SE,2022,31.6,
ESTAT:ILC_LI34(1.0),16/11/23 23:00:00,A,PC,FOR,SI,2005,18.3,
ESTAT:ILC_LI34(1.0),16/11/23 23:00:00,A,PC,FOR,SI,2006,13.5,
ESTAT:ILC_LI34(1.0),16/11/23 23:00:00,A,PC,FOR,SI,2007,16.2,
ESTAT:ILC_LI34(1.0),16/11/23 23:00:00,A,PC,FOR,SI,2008,17.0,
ESTAT:ILC_LI34(1.0),16/11/23 23:00:00,A,PC,FOR,SI,2009,17.2,
ESTAT:ILC_LI34(1.0),16/11/23 23:00:00,A,PC,FOR,SI,2010,19.8,
ESTAT:ILC_LI34(1.0),16/11/23 23:00:00,A,PC,FOR,SI,2011,23.8,
ESTAT:ILC_LI34(1.0),16/11/23 23:00:00,A,PC,FOR,SI,2012,31.2,
ESTAT:ILC_LI34(1.0),16/11/23 23:00:00,A,PC,FOR,SI,2013,32.3,
ESTAT:ILC_LI34(1.0),16/11/23 23:00:00,A,PC,FOR,SI,2014,33.4,
ESTAT:ILC_LI34(1.0),16/11/23 23:00:00,A,PC,FOR,SI,2015,29.9,
ESTAT:ILC_LI34(1.0),16/11/23 23:00:00,A,PC,FOR,SI,2016,28.1,
ESTAT:ILC_LI34(1.0),16/11/23 23:00:00,A,PC,FOR,SI,2017,28.8,
ESTAT:ILC_LI34(1.0),16/11/23 23:00:00,A,PC,FOR,SI,2018,28.0,
ESTAT:ILC_LI34(1.0),16/11/23 23:00:00,A,PC,FOR,SI,2019,24.8,
ESTAT:ILC_LI34(1.0),16/11/23 23:00:00,A,PC,FOR,SI,2020,22.9,
ESTAT:ILC_LI34(1.0),16/11/23 23:00:00,A,PC,FOR,SI,2021,27.0,
ESTAT:ILC_LI34(1.0),16/11/23 23:00:00,A,PC,FOR,SI,2022,23.4,
ESTAT:ILC_LI34(1.0),16/11/23 23:00:00,A,PC,FOR,SK,2005,17.6,
ESTAT:ILC_LI34(1.0),16/11/23 23:00:00,A,PC,FOR,SK,2006,8.8,
ESTAT:ILC_LI34(1.0),16/11/23 23:00:00,A,PC,FOR,SK,2007,17.2,
ESTAT:ILC_LI34(1.0),16/11/23 23:00:00,A,PC,FOR,SK,2008,21.7,
ESTAT:ILC_LI34(1.0),16/11/23 23:00:00,A,PC,FOR,SK,2009,13.6,
ESTAT:ILC_LI34(1.0),16/11/23 23:00:00,A,PC,FOR,SK,2010,25.8,u
ESTAT:ILC_LI34(1.0),16/11/23 23:00:00,A,PC,FOR,SK,2011,35.1,u
ESTAT:ILC_LI34(1.0),16/11/23 23:00:00,A,PC,FOR,SK,2012,32.1,u
ESTAT:ILC_LI34(1.0),16/11/23 23:00:00,A,PC,FOR,SK,2013,12.7,u
ESTAT:ILC_LI34(1.0),16/11/23 23:00:00,A,PC,FOR,SK,2014,20.7,u
ESTAT:ILC_LI34(1.0),16/11/23 23:00:00,A,PC,FOR,SK,2015,,u
ESTAT:ILC_LI34(1.0),16/11/23 23:00:00,A,PC,FOR,SK,2016,,u
ESTAT:ILC_LI34(1.0),16/11/23 23:00:00,A,PC,FOR,SK,2017,26.6,u
ESTAT:ILC_LI34(1.0),16/11/23 23:00:00,A,PC,FOR,SK,2018,24.5,u
ESTAT:ILC_LI34(1.0),16/11/23 23:00:00,A,PC,FOR,SK,2019,17.9,
ESTAT:ILC_LI34(1.0),16/11/23 23:00:00,A,PC,FOR,SK,2020,21.1,
ESTAT:ILC_LI34(1.0),16/11/23 23:00:00,A,PC,FOR,SK,2021,15.3,u
ESTAT:ILC_LI34(1.0),16/11/23 23:00:00,A,PC,FOR,SK,2022,12.2,u
ESTAT:ILC_LI34(1.0),16/11/23 23:00:00,A,PC,FOR,TR,2006,17.7,
ESTAT:ILC_LI34(1.0),16/11/23 23:00:00,A,PC,FOR,TR,2007,11.7,
ESTAT:ILC_LI34(1.0),16/11/23 23:00:00,A,PC,FOR,TR,2008,14.5,
ESTAT:ILC_LI34(1.0),16/11/23 23:00:00,A,PC,FOR,TR,2009,12.3,
ESTAT:ILC_LI34(1.0),16/11/23 23:00:00,A,PC,FOR,TR,2010,12.6,
ESTAT:ILC_LI34(1.0),16/11/23 23:00:00,A,PC,FOR,TR,2011,13.1,
ESTAT:ILC_LI34(1.0),16/11/23 23:00:00,A,PC,FOR,TR,2012,13.2,
ESTAT:ILC_LI34(1.0),16/11/23 23:00:00,A,PC,FOR,TR,2013,13.2,
ESTAT:ILC_LI34(1.0),16/11/23 23:00:00,A,PC,FOR,TR,2014,13.1,
ESTAT:ILC_LI34(1.0),16/11/23 23:00:00,A,PC,FOR,TR,2015,12.1,
ESTAT:ILC_LI34(1.0),16/11/23 23:00:00,A,PC,FOR,TR,2016,19.6,
ESTAT:ILC_LI34(1.0),16/11/23 23:00:00,A,PC,FOR,TR,2017,19.6,
ESTAT:ILC_LI34(1.0),16/11/23 23:00:00,A,PC,FOR,TR,2018,12.0,
ESTAT:ILC_LI34(1.0),16/11/23 23:00:00,A,PC,FOR,TR,2019,24.8,
ESTAT:ILC_LI34(1.0),16/11/23 23:00:00,A,PC,FOR,TR,2020,22.7,
ESTAT:ILC_LI34(1.0),16/11/23 23:00:00,A,PC,FOR,TR,2021,25.6,
ESTAT:ILC_LI34(1.0),16/11/23 23:00:00,A,PC,FOR,UK,2005,31.5,
ESTAT:ILC_LI34(1.0),16/11/23 23:00:00,A,PC,FOR,UK,2006,30.6,
ESTAT:ILC_LI34(1.0),16/11/23 23:00:00,A,PC,FOR,UK,2007,32.6,
ESTAT:ILC_LI34(1.0),16/11/23 23:00:00,A,PC,FOR,UK,2008,27.9,
ESTAT:ILC_LI34(1.0),16/11/23 23:00:00,A,PC,FOR,UK,2009,28.2,
ESTAT:ILC_LI34(1.0),16/11/23 23:00:00,A,PC,FOR,UK,2010,23.9,
ESTAT:ILC_LI34(1.0),16/11/23 23:00:00,A,PC,FOR,UK,2011,23.2,
ESTAT:ILC_LI34(1.0),16/11/23 23:00:00,A,PC,FOR,UK,2012,26.4,b
ESTAT:ILC_LI34(1.0),16/11/23 23:00:00,A,PC,FOR,UK,2013,26.2,
ESTAT:ILC_LI34(1.0),16/11/23 23:00:00,A,PC,FOR,UK,2014,27.4,
ESTAT:ILC_LI34(1.0),16/11/23 23:00:00,A,PC,FOR,UK,2015,28.5,
ESTAT:ILC_LI34(1.0),16/11/23 23:00:00,A,PC,FOR,UK,2016,23.2,
ESTAT:ILC_LI34(1.0),16/11/23 23:00:00,A,PC,FOR,UK,2017,26.6,b
ESTAT:ILC_LI34(1.0),16/11/23 23:00:00,A,PC,FOR,UK,2018,27.5,
ESTAT:ILC_LI34(1.0),16/11/23 23:00:00,A,PC,FOR,XK,2018,41.1,
ESTAT:ILC_LI34(1.0),16/11/23 23:00:00,A,PC,NAT,AL,2017,29.4,
ESTAT:ILC_LI34(1.0),16/11/23 23:00:00,A,PC,NAT,AL,2018,29.7,
ESTAT:ILC_LI34(1.0),16/11/23 23:00:00,A,PC,NAT,AL,2019,29.4,
ESTAT:ILC_LI34(1.0),16/11/23 23:00:00,A,PC,NAT,AL,2020,31.2,
ESTAT:ILC_LI34(1.0),16/11/23 23:00:00,A,PC,NAT,AL,2021,28.5,
ESTAT:ILC_LI34(1.0),16/11/23 23:00:00,A,PC,NAT,AT,2003,12.2,
ESTAT:ILC_LI34(1.0),16/11/23 23:00:00,A,PC,NAT,AT,2004,11.1,
ESTAT:ILC_LI34(1.0),16/11/23 23:00:00,A,PC,NAT,AT,2005,12.0,
ESTAT:ILC_LI34(1.0),16/11/23 23:00:00,A,PC,NAT,AT,2006,11.5,
ESTAT:ILC_LI34(1.0),16/11/23 23:00:00,A,PC,NAT,AT,2007,10.2,
ESTAT:ILC_LI34(1.0),16/11/23 23:00:00,A,PC,NAT,AT,2008,11.1,b
ESTAT:ILC_LI34(1.0),16/11/23 23:00:00,A,PC,NAT,AT,2009,9.8,
ESTAT:ILC_LI34(1.0),16/11/23 23:00:00,A,PC,NAT,AT,2010,11.1,
ESTAT:ILC_LI34(1.0),16/11/23 23:00:00,A,PC,NAT,AT,2011,9.7,
ESTAT:ILC_LI34(1.0),16/11/23 23:00:00,A,PC,NAT,AT,2012,10.9,
ESTAT:ILC_LI34(1.0),16/11/23 23:00:00,A,PC,NAT,AT,2013,11.2,
ESTAT:ILC_LI34(1.0),16/11/23 23:00:00,A,PC,NAT,AT,2014,9.5,
ESTAT:ILC_LI34(1.0),16/11/23 23:00:00,A,PC,NAT,AT,2015,8.4,
ESTAT:ILC_LI34(1.0),16/11/23 23:00:00,A,PC,NAT,AT,2016,9.2,
ESTAT:ILC_LI34(1.0),16/11/23 23:00:00,A,PC,NAT,AT,2017,9.9,
ESTAT:ILC_LI34(1.0),16/11/23 23:00:00,A,PC,NAT,AT,2018,10.7,
ESTAT:ILC_LI34(1.0),16/11/23 23:00:00,A,PC,NAT,AT,2019,7.9,
ESTAT:ILC_LI34(1.0),16/11/23 23:00:00,A,PC,NAT,AT,2020,7.3,
ESTAT:ILC_LI34(1.0),16/11/23 23:00:00,A,PC,NAT,AT,2021,8.4,
ESTAT:ILC_LI34(1.0),16/11/23 23:00:00,A,PC,NAT,AT,2022,10.8,
ESTAT:ILC_LI34(1.0),16/11/23 23:00:00,A,PC,NAT,BE,2003,11.5,
ESTAT:ILC_LI34(1.0),16/11/23 23:00:00,A,PC,NAT,BE,2004,11.8,
ESTAT:ILC_LI34(1.0),16/11/23 23:00:00,A,PC,NAT,BE,2005,11.3,
ESTAT:ILC_LI34(1.0),16/11/23 23:00:00,A,PC,NAT,BE,2006,10.6,
ESTAT:ILC_LI34(1.0),16/11/23 23:00:00,A,PC,NAT,BE,2007,10.9,
ESTAT:ILC_LI34(1.0),16/11/23 23:00:00,A,PC,NAT,BE,2008,12.3,
ESTAT:ILC_LI34(1.0),16/11/23 23:00:00,A,PC,NAT,BE,2009,10.4,
ESTAT:ILC_LI34(1.0),16/11/23 23:00:00,A,PC,NAT,BE,2010,11.7,
ESTAT:ILC_LI34(1.0),16/11/23 23:00:00,A,PC,NAT,BE,2011,12.1,
ESTAT:ILC_LI34(1.0),16/11/23 23:00:00,A,PC,NAT,BE,2012,9.9,
ESTAT:ILC_LI34(1.0),16/11/23 23:00:00,A,PC,NAT,BE,2013,9.3,
ESTAT:ILC_LI34(1.0),16/11/23 23:00:00,A,PC,NAT,BE,2014,11.3,
ESTAT:ILC_LI34(1.0),16/11/23 23:00:00,A,PC,NAT,BE,2015,11.9,
ESTAT:ILC_LI34(1.0),16/11/23 23:00:00,A,PC,NAT,BE,2016,11.1,
ESTAT:ILC_LI34(1.0),16/11/23 23:00:00,A,PC,NAT,BE,2017,9.8,
ESTAT:ILC_LI34(1.0),16/11/23 23:00:00,A,PC,NAT,BE,2018,10.8,
ESTAT:ILC_LI34(1.0),16/11/23 23:00:00,A,PC,NAT,BE,2019,9.6,b
ESTAT:ILC_LI34(1.0),16/11/23 23:00:00,A,PC,NAT,BE,2020,8.0,
ESTAT:ILC_LI34(1.0),16/11/23 23:00:00,A,PC,NAT,BE,2021,9.7,
ESTAT:ILC_LI34(1.0),16/11/23 23:00:00,A,PC,NAT,BE,2022,7.5,
ESTAT:ILC_LI34(1.0),16/11/23 23:00:00,A,PC,NAT,BG,2005,25.8,
ESTAT:ILC_LI34(1.0),16/11/23 23:00:00,A,PC,NAT,BG,2006,25.8,
ESTAT:ILC_LI34(1.0),16/11/23 23:00:00,A,PC,NAT,BG,2007,29.1,
ESTAT:ILC_LI34(1.0),16/11/23 23:00:00,A,PC,NAT,BG,2008,25.4,
ESTAT:ILC_LI34(1.0),16/11/23 23:00:00,A,PC,NAT,BG,2009,24.2,
ESTAT:ILC_LI34(1.0),16/11/23 23:00:00,A,PC,NAT,BG,2010,26.0,
ESTAT:ILC_LI34(1.0),16/11/23 23:00:00,A,PC,NAT,BG,2011,27.5,
ESTAT:ILC_LI34(1.0),16/11/23 23:00:00,A,PC,NAT,BG,2012,26.6,
ESTAT:ILC_LI34(1.0),16/11/23 23:00:00,A,PC,NAT,BG,2013,27.2,
ESTAT:ILC_LI34(1.0),16/11/23 23:00:00,A,PC,NAT,BG,2014,30.6,
ESTAT:ILC_LI34(1.0),16/11/23 23:00:00,A,PC,NAT,BG,2015,24.7,
ESTAT:ILC_LI34(1.0),16/11/23 23:00:00,A,PC,NAT,BG,2016,31.0,b
ESTAT:ILC_LI34(1.0),16/11/23 23:00:00,A,PC,NAT,BG,2017,28.5,
ESTAT:ILC_LI34(1.0),16/11/23 23:00:00,A,PC,NAT,BG,2018,25.7,
ESTAT:ILC_LI34(1.0),16/11/23 23:00:00,A,PC,NAT,BG,2019,26.8,
ESTAT:ILC_LI34(1.0),16/11/23 23:00:00,A,PC,NAT,BG,2020,27.3,
ESTAT:ILC_LI34(1.0),16/11/23 23:00:00,A,PC,NAT,BG,2021,23.3,
ESTAT:ILC_LI34(1.0),16/11/23 23:00:00,A,PC,NAT,BG,2022,25.6,
ESTAT:ILC_LI34(1.0),16/11/23 23:00:00,A,PC,NAT,CH,2007,13.5,
ESTAT:ILC_LI34(1.0),16/11/23 23:00:00,A,PC,NAT,CH,2008,14.3,
ESTAT:ILC_LI34(1.0),16/11/23 23:00:00,A,PC,NAT,CH,2009,12.6,
ESTAT:ILC_LI34(1.0),16/11/23 23:00:00,A,PC,NAT,CH,2010,13.2,
ESTAT:ILC_LI34(1.0),16/11/23 23:00:00,A,PC,NAT,CH,2011,12.0,
ESTAT:ILC_LI34(1.0),16/11/23 23:00:00,A,PC,NAT,CH,2012,10.5,
ESTAT:ILC_LI34(1.0),16/11/23 23:00:00,A,PC,NAT,CH,2013,11.6,
ESTAT:ILC_LI34(1.0),16/11/23 23:00:00,A,PC,NAT,CH,2014,12.6,b
ESTAT:ILC_LI34(1.0),16/11/23 23:00:00,A,PC,NAT,CH,2015,11.5,
ESTAT:ILC_LI34(1.0),16/11/23 23:00:00,A,PC,NAT,CH,2016,10.6,
ESTAT:ILC_LI34(1.0),16/11/23 23:00:00,A,PC,NAT,CH,2017,10.8,
ESTAT:ILC_LI34(1.0),16/11/23 23:00:00,A,PC,NAT,CH,2018,11.0,
ESTAT:ILC_LI34(1.0),16/11/23 23:00:00,A,PC,NAT,CH,2019,8.9,
ESTAT:ILC_LI34(1.0),16/11/23 23:00:00,A,PC,NAT,CH,2020,12.3,
ESTAT:ILC_LI34(1.0),16/11/23 23:00:00,A,PC,NAT,CH,2021,10.2,
ESTAT:ILC_LI34(1.0),16/11/23 23:00:00,A,PC,NAT,CY,2005,11.4,
ESTAT:ILC_LI34(1.0),16/11/23 23:00:00,A,PC,NAT,CY,2006,10.2,
ESTAT:ILC_LI34(1.0),16/11/23 23:00:00,A,PC,NAT,CY,2007,11.5,
ESTAT:ILC_LI34(1.0),16/11/23 23:00:00,A,PC,NAT,CY,2008,12.6,
ESTAT:ILC_LI34(1.0),16/11/23 23:00:00,A,PC,NAT,CY,2009,9.5,
ESTAT:ILC_LI34(1.0),16/11/23 23:00:00,A,PC,NAT,CY,2010,10.2,
ESTAT:ILC_LI34(1.0),16/11/23 23:00:00,A,PC,NAT,CY,2011,9.5,
ESTAT:ILC_LI34(1.0),16/11/23 23:00:00,A,PC,NAT,CY,2012,8.8,
ESTAT:ILC_LI34(1.0),16/11/23 23:00:00,A,PC,NAT,CY,2013,10.9,
ESTAT:ILC_LI34(1.0),16/11/23 23:00:00,A,PC,NAT,CY,2014,8.2,
ESTAT:ILC_LI34(1.0),16/11/23 23:00:00,A,PC,NAT,CY,2015,11.3,
ESTAT:ILC_LI34(1.0),16/11/23 23:00:00,A,PC,NAT,CY,2016,13.0,
ESTAT:ILC_LI34(1.0),16/11/23 23:00:00,A,PC,NAT,CY,2017,12.1,
ESTAT:ILC_LI34(1.0),16/11/23 23:00:00,A,PC,NAT,CY,2018,11.0,
ESTAT:ILC_LI34(1.0),16/11/23 23:00:00,A,PC,NAT,CY,2019,9.4,
ESTAT:ILC_LI34(1.0),16/11/23 23:00:00,A,PC,NAT,CY,2020,8.9,
ESTAT:ILC_LI34(1.0),16/11/23 23:00:00,A,PC,NAT,CY,2021,9.3,
ESTAT:ILC_LI34(1.0),16/11/23 23:00:00,A,PC,NAT,CY,2022,9.0,
ESTAT:ILC_LI34(1.0),16/11/23 23:00:00,A,PC,NAT,CZ,2005,17.0,
ESTAT:ILC_LI34(1.0),16/11/23 23:00:00,A,PC,NAT,CZ,2006,16.0,
ESTAT:ILC_LI34(1.0),16/11/23 23:00:00,A,PC,NAT,CZ,2007,15.4,
ESTAT:ILC_LI34(1.0),16/11/23 23:00:00,A,PC,NAT,CZ,2008,12.2,
ESTAT:ILC_LI34(1.0),16/11/23 23:00:00,A,PC,NAT,CZ,2009,12.1,
ESTAT:ILC_LI34(1.0),16/11/23 23:00:00,A,PC,NAT,CZ,2010,13.8,
ESTAT:ILC_LI34(1.0),16/11/23 23:00:00,A,PC,NAT,CZ,2011,15.2,
ESTAT:ILC_LI34(1.0),16/11/23 23:00:00,A,PC,NAT,CZ,2012,13.2,
ESTAT:ILC_LI34(1.0),16/11/23 23:00:00,A,PC,NAT,CZ,2013,10.8,
ESTAT:ILC_LI34(1.0),16/11/23 23:00:00,A,PC,NAT,CZ,2014,13.5,
ESTAT:ILC_LI34(1.0),16/11/23 23:00:00,A,PC,NAT,CZ,2015,13.6,
ESTAT:ILC_LI34(1.0),16/11/23 23:00:00,A,PC,NAT,CZ,2016,13.3,
ESTAT:ILC_LI34(1.0),16/11/23 23:00:00,A,PC,NAT,CZ,2017,11.3,
ESTAT:ILC_LI34(1.0),16/11/23 23:00:00,A,PC,NAT,CZ,2018,10.9,
ESTAT:ILC_LI34(1.0),16/11/23 23:00:00,A,PC,NAT,CZ,2019,11.0,
ESTAT:ILC_LI34(1.0),16/11/23 23:00:00,A,PC,NAT,CZ,2020,11.5,
ESTAT:ILC_LI34(1.0),16/11/23 23:00:00,A,PC,NAT,CZ,2021,11.4,
ESTAT:ILC_LI34(1.0),16/11/23 23:00:00,A,PC,NAT,CZ,2022,10.8,
ESTAT:ILC_LI34(1.0),16/11/23 23:00:00,A,PC,NAT,DE,2005,11.5,
ESTAT:ILC_LI34(1.0),16/11/23 23:00:00,A,PC,NAT,DE,2006,11.5,
ESTAT:ILC_LI34(1.0),16/11/23 23:00:00,A,PC,NAT,DE,2007,12.8,
ESTAT:ILC_LI34(1.0),16/11/23 23:00:00,A,PC,NAT,DE,2008,13.7,
ESTAT:ILC_LI34(1.0),16/11/23 23:00:00,A,PC,NAT,DE,2009,14.5,
ESTAT:ILC_LI34(1.0),16/11/23 23:00:00,A,PC,NAT,DE,2010,15.9,
ESTAT:ILC_LI34(1.0),16/11/23 23:00:00,A,PC,NAT,DE,2011,14.2,
ESTAT:ILC_LI34(1.0),16/11/23 23:00:00,A,PC,NAT,DE,2012,14.3,
ESTAT:ILC_LI34(1.0),16/11/23 23:00:00,A,PC,NAT,DE,2013,14.2,
ESTAT:ILC_LI34(1.0),16/11/23 23:00:00,A,PC,NAT,DE,2014,13.9,
ESTAT:ILC_LI34(1.0),16/11/23 23:00:00,A,PC,NAT,DE,2015,13.5,
ESTAT:ILC_LI34(1.0),16/11/23 23:00:00,A,PC,NAT,DE,2016,14.8,
ESTAT:ILC_LI34(1.0),16/11/23 23:00:00,A,PC,NAT,DE,2017,14.8,
ESTAT:ILC_LI34(1.0),16/11/23 23:00:00,A,PC,NAT,DE,2018,14.4,
ESTAT:ILC_LI34(1.0),16/11/23 23:00:00,A,PC,NAT,DE,2019,11.4,
ESTAT:ILC_LI34(1.0),16/11/23 23:00:00,A,PC,NAT,DE,2020,10.5,b
ESTAT:ILC_LI34(1.0),16/11/23 23:00:00,A,PC,NAT,DE,2021,10.4,
ESTAT:ILC_LI34(1.0),16/11/23 23:00:00,A,PC,NAT,DE,2022,8.3,
ESTAT:ILC_LI34(1.0),16/11/23 23:00:00,A,PC,NAT,DK,2003,7.1,
ESTAT:ILC_LI34(1.0),16/11/23 23:00:00,A,PC,NAT,DK,2004,6.9,
ESTAT:ILC_LI34(1.0),16/11/23 23:00:00,A,PC,NAT,DK,2005,8.2,
ESTAT:ILC_LI34(1.0),16/11/23 23:00:00,A,PC,NAT,DK,2006,8.2,
ESTAT:ILC_LI34(1.0),16/11/23 23:00:00,A,PC,NAT,DK,2007,6.9,
ESTAT:ILC_LI34(1.0),16/11/23 23:00:00,A,PC,NAT,DK,2008,6.8,
ESTAT:ILC_LI34(1.0),16/11/23 23:00:00,A,PC,NAT,DK,2009,7.9,
ESTAT:ILC_LI34(1.0),16/11/23 23:00:00,A,PC,NAT,DK,2010,7.2,
ESTAT:ILC_LI34(1.0),16/11/23 23:00:00,A,PC,NAT,DK,2011,7.1,b
ESTAT:ILC_LI34(1.0),16/11/23 23:00:00,A,PC,NAT,DK,2012,6.2,
ESTAT:ILC_LI34(1.0),16/11/23 23:00:00,A,PC,NAT,DK,2013,6.0,
ESTAT:ILC_LI34(1.0),16/11/23 23:00:00,A,PC,NAT,DK,2014,7.5,
ESTAT:ILC_LI34(1.0),16/11/23 23:00:00,A,PC,NAT,DK,2015,6.0,
ESTAT:ILC_LI34(1.0),16/11/23 23:00:00,A,PC,NAT,DK,2016,7.5,
ESTAT:ILC_LI34(1.0),16/11/23 23:00:00,A,PC,NAT,DK,2017,7.0,
ESTAT:ILC_LI34(1.0),16/11/23 23:00:00,A,PC,NAT,DK,2018,8.8,
ESTAT:ILC_LI34(1.0),16/11/23 23:00:00,A,PC,NAT,DK,2019,5.9,
ESTAT:ILC_LI34(1.0),16/11/23 23:00:00,A,PC,NAT,DK,2020,6.3,b
ESTAT:ILC_LI34(1.0),16/11/23 23:00:00,A,PC,NAT,DK,2021,6.8,
ESTAT:ILC_LI34(1.0),16/11/23 23:00:00,A,PC,NAT,DK,2022,9.0,
ESTAT:ILC_LI34(1.0),16/11/23 23:00:00,A,PC,NAT,EA,2009,16.5,e
ESTAT:ILC_LI34(1.0),16/11/23 23:00:00,A,PC,NAT,EA,2010,17.6,e
ESTAT:ILC_LI34(1.0),16/11/23 23:00:00,A,PC,NAT,EA,2011,16.7,e
ESTAT:ILC_LI34(1.0),16/11/23 23:00:00,A,PC,NAT,EA,2012,17.1,e
ESTAT:ILC_LI34(1.0),16/11/23 23:00:00,A,PC,NAT,EA,2013,16.6,e
ESTAT:ILC_LI34(1.0),16/11/23 23:00:00,A,PC,NAT,EA,2014,16.8,e
ESTAT:ILC_LI34(1.0),16/11/23 23:00:00,A,PC,NAT,EA,2015,17.2,e
ESTAT:ILC_LI34(1.0),16/11/23 23:00:00,A,PC,NAT,EA,2016,17.3,e
ESTAT:ILC_LI34(1.0),16/11/23 23:00:00,A,PC,NAT,EA,2017,16.6,e
ESTAT:ILC_LI34(1.0),16/11/23 23:00:00,A,PC,NAT,EA,2018,16.0,e
ESTAT:ILC_LI34(1.0),16/11/23 23:00:00,A,PC,NAT,EA,2019,14.8,
ESTAT:ILC_LI34(1.0),16/11/23 23:00:00,A,PC,NAT,EA,2020,14.5,
ESTAT:ILC_LI34(1.0),16/11/23 23:00:00,A,PC,NAT,EA,2021,14.8,
ESTAT:ILC_LI34(1.0),16/11/23 23:00:00,A,PC,NAT,EA18,2005,16.0,
ESTAT:ILC_LI34(1.0),16/11/23 23:00:00,A,PC,NAT,EA18,2006,15.6,
ESTAT:ILC_LI34(1.0),16/11/23 23:00:00,A,PC,NAT,EA18,2007,15.9,
ESTAT:ILC_LI34(1.0),16/11/23 23:00:00,A,PC,NAT,EA18,2008,15.9,
ESTAT:ILC_LI34(1.0),16/11/23 23:00:00,A,PC,NAT,EA18,2009,16.6,
ESTAT:ILC_LI34(1.0),16/11/23 23:00:00,A,PC,NAT,EA18,2010,17.7,
ESTAT:ILC_LI34(1.0),16/11/23 23:00:00,A,PC,NAT,EA18,2011,16.7,
ESTAT:ILC_LI34(1.0),16/11/23 23:00:00,A,PC,NAT,EA18,2012,17.1,
ESTAT:ILC_LI34(1.0),16/11/23 23:00:00,A,PC,NAT,EA18,2013,16.6,
ESTAT:ILC_LI34(1.0),16/11/23 23:00:00,A,PC,NAT,EA18,2014,16.8,
ESTAT:ILC_LI34(1.0),16/11/23 23:00:00,A,PC,NAT,EA18,2015,17.1,
ESTAT:ILC_LI34(1.0),16/11/23 23:00:00,A,PC,NAT,EA18,2016,17.2,
ESTAT:ILC_LI34(1.0),16/11/23 23:00:00,A,PC,NAT,EA18,2017,16.6,
ESTAT:ILC_LI34(1.0),16/11/23 23:00:00,A,PC,NAT,EA18,2018,15.9,
ESTAT:ILC_LI34(1.0),16/11/23 23:00:00,A,PC,NAT,EA18,2019,14.7,
ESTAT:ILC_LI34(1.0),16/11/23 23:00:00,A,PC,NAT,EA18,2020,14.5,
ESTAT:ILC_LI34(1.0),16/11/23 23:00:00,A,PC,NAT,EA19,2005,16.2,
ESTAT:ILC_LI34(1.0),16/11/23 23:00:00,A,PC,NAT,EA19,2006,15.7,
ESTAT:ILC_LI34(1.0),16/11/23 23:00:00,A,PC,NAT,EA19,2007,16.0,
ESTAT:ILC_LI34(1.0),16/11/23 23:00:00,A,PC,NAT,EA19,2008,16.0,
ESTAT:ILC_LI34(1.0),16/11/23 23:00:00,A,PC,NAT,EA19,2009,16.6,
ESTAT:ILC_LI34(1.0),16/11/23 23:00:00,A,PC,NAT,EA19,2010,17.7,
ESTAT:ILC_LI34(1.0),16/11/23 23:00:00,A,PC,NAT,EA19,2011,16.8,
ESTAT:ILC_LI34(1.0),16/11/23 23:00:00,A,PC,NAT,EA19,2012,17.1,
ESTAT:ILC_LI34(1.0),16/11/23 23:00:00,A,PC,NAT,EA19,2013,16.8,
ESTAT:ILC_LI34(1.0),16/11/23 23:00:00,A,PC,NAT,EA19,2014,16.9,
ESTAT:ILC_LI34(1.0),16/11/23 23:00:00,A,PC,NAT,EA19,2015,17.2,
ESTAT:ILC_LI34(1.0),16/11/23 23:00:00,A,PC,NAT,EA19,2016,17.3,
ESTAT:ILC_LI34(1.0),16/11/23 23:00:00,A,PC,NAT,EA19,2017,16.6,
ESTAT:ILC_LI34(1.0),16/11/23 23:00:00,A,PC,NAT,EA19,2018,16.0,
ESTAT:ILC_LI34(1.0),16/11/23 23:00:00,A,PC,NAT,EA19,2019,14.8,
ESTAT:ILC_LI34(1.0),16/11/23 23:00:00,A,PC,NAT,EA19,2020,14.5,
ESTAT:ILC_LI34(1.0),16/11/23 23:00:00,A,PC,NAT,EA19,2021,14.8,
ESTAT:ILC_LI34(1.0),16/11/23 23:00:00,A,PC,NAT,EA20,2014,16.8,
ESTAT:ILC_LI34(1.0),16/11/23 23:00:00,A,PC,NAT,EA20,2015,17.2,
ESTAT:ILC_LI34(1.0),16/11/23 23:00:00,A,PC,NAT,EA20,2016,17.3,
ESTAT:ILC_LI34(1.0),16/11/23 23:00:00,A,PC,NAT,EA20,2017,16.7,
ESTAT:ILC_LI34(1.0),16/11/23 23:00:00,A,PC,NAT,EA20,2018,16.0,
ESTAT:ILC_LI34(1.0),16/11/23 23:00:00,A,PC,NAT,EA20,2019,14.8,
ESTAT:ILC_LI34(1.0),16/11/23 23:00:00,A,PC,NAT,EA20,2020,14.5,
ESTAT:ILC_LI34(1.0),16/11/23 23:00:00,A,PC,NAT,EA20,2021,14.8,
ESTAT:ILC_LI34(1.0),16/11/23 23:00:00,A,PC,NAT,EA20,2022,14.3,
ESTAT:ILC_LI34(1.0),16/11/23 23:00:00,A,PC,NAT,EE,2004,21.6,
ESTAT:ILC_LI34(1.0),16/11/23 23:00:00,A,PC,NAT,EE,2005,20.0,
ESTAT:ILC_LI34(1.0),16/11/23 23:00:00,A,PC,NAT,EE,2006,19.8,
ESTAT:ILC_LI34(1.0),16/11/23 23:00:00,A,PC,NAT,EE,2007,18.1,
ESTAT:ILC_LI34(1.0),16/11/23 23:00:00,A,PC,NAT,EE,2008,16.4,
ESTAT:ILC_LI34(1.0),16/11/23 23:00:00,A,PC,NAT,EE,2009,20.7,
ESTAT:ILC_LI34(1.0),16/11/23 23:00:00,A,PC,NAT,EE,2010,16.9,
ESTAT:ILC_LI34(1.0),16/11/23 23:00:00,A,PC,NAT,EE,2011,19.7,
ESTAT:ILC_LI34(1.0),16/11/23 23:00:00,A,PC,NAT,EE,2012,16.5,
ESTAT:ILC_LI34(1.0),16/11/23 23:00:00,A,PC,NAT,EE,2013,16.7,
ESTAT:ILC_LI34(1.0),16/11/23 23:00:00,A,PC,NAT,EE,2014,18.1,
ESTAT:ILC_LI34(1.0),16/11/23 23:00:00,A,PC,NAT,EE,2015,20.0,
ESTAT:ILC_LI34(1.0),16/11/23 23:00:00,A,PC,NAT,EE,2016,18.6,
ESTAT:ILC_LI34(1.0),16/11/23 23:00:00,A,PC,NAT,EE,2017,16.2,
ESTAT:ILC_LI34(1.0),16/11/23 23:00:00,A,PC,NAT,EE,2018,14.7,
ESTAT:ILC_LI34(1.0),16/11/23 23:00:00,A,PC,NAT,EE,2019,16.1,
ESTAT:ILC_LI34(1.0),16/11/23 23:00:00,A,PC,NAT,EE,2020,14.3,
ESTAT:ILC_LI34(1.0),16/11/23 23:00:00,A,PC,NAT,EE,2021,14.2,
ESTAT:ILC_LI34(1.0),16/11/23 23:00:00,A,PC,NAT,EE,2022,13.0,
ESTAT:ILC_LI34(1.0),16/11/23 23:00:00,A,PC,NAT,EL,2003,20.3,
ESTAT:ILC_LI34(1.0),16/11/23 23:00:00,A,PC,NAT,EL,2004,18.6,
ESTAT:ILC_LI34(1.0),16/11/23 23:00:00,A,PC,NAT,EL,2005,18.0,
ESTAT:ILC_LI34(1.0),16/11/23 23:00:00,A,PC,NAT,EL,2006,21.5,
ESTAT:ILC_LI34(1.0),16/11/23 23:00:00,A,PC,NAT,EL,2007,21.0,
ESTAT:ILC_LI34(1.0),16/11/23 23:00:00,A,PC,NAT,EL,2008,19.6,
ESTAT:ILC_LI34(1.0),16/11/23 23:00:00,A,PC,NAT,EL,2009,20.2,
ESTAT:ILC_LI34(1.0),16/11/23 23:00:00,A,PC,NAT,EL,2010,16.7,
ESTAT:ILC_LI34(1.0),16/11/23 23:00:00,A,PC,NAT,EL,2011,19.8,
ESTAT:ILC_LI34(1.0),16/11/23 23:00:00,A,PC,NAT,EL,2012,23.0,
ESTAT:ILC_LI34(1.0),16/11/23 23:00:00,A,PC,NAT,EL,2013,22.7,
ESTAT:ILC_LI34(1.0),16/11/23 23:00:00,A,PC,NAT,EL,2014,19.6,
ESTAT:ILC_LI34(1.0),16/11/23 23:00:00,A,PC,NAT,EL,2015,21.6,
ESTAT:ILC_LI34(1.0),16/11/23 23:00:00,A,PC,NAT,EL,2016,23.6,
ESTAT:ILC_LI34(1.0),16/11/23 23:00:00,A,PC,NAT,EL,2017,20.9,
ESTAT:ILC_LI34(1.0),16/11/23 23:00:00,A,PC,NAT,EL,2018,19.0,
ESTAT:ILC_LI34(1.0),16/11/23 23:00:00,A,PC,NAT,EL,2019,17.6,
ESTAT:ILC_LI34(1.0),16/11/23 23:00:00,A,PC,NAT,EL,2020,18.3,
ESTAT:ILC_LI34(1.0),16/11/23 23:00:00,A,PC,NAT,EL,2021,21.0,
ESTAT:ILC_LI34(1.0),16/11/23 23:00:00,A,PC,NAT,EL,2022,19.2,
ESTAT:ILC_LI34(1.0),16/11/23 23:00:00,A,PC,NAT,ES,2004,25.8,
ESTAT:ILC_LI34(1.0),16/11/23 23:00:00,A,PC,NAT,ES,2005,22.9,
ESTAT:ILC_LI34(1.0),16/11/23 23:00:00,A,PC,NAT,ES,2006,22.3,
ESTAT:ILC_LI34(1.0),16/11/23 23:00:00,A,PC,NAT,ES,2007,21.1,
ESTAT:ILC_LI34(1.0),16/11/23 23:00:00,A,PC,NAT,ES,2008,19.8,
ESTAT:ILC_LI34(1.0),16/11/23 23:00:00,A,PC,NAT,ES,2009,22.4,
ESTAT:ILC_LI34(1.0),16/11/23 23:00:00,A,PC,NAT,ES,2010,23.0,
ESTAT:ILC_LI34(1.0),16/11/23 23:00:00,A,PC,NAT,ES,2011,20.4,
ESTAT:ILC_LI34(1.0),16/11/23 23:00:00,A,PC,NAT,ES,2012,20.3,
ESTAT:ILC_LI34(1.0),16/11/23 23:00:00,A,PC,NAT,ES,2013,21.2,
ESTAT:ILC_LI34(1.0),16/11/23 23:00:00,A,PC,NAT,ES,2014,23.1,
ESTAT:ILC_LI34(1.0),16/11/23 23:00:00,A,PC,NAT,ES,2015,23.8,
ESTAT:ILC_LI34(1.0),16/11/23 23:00:00,A,PC,NAT,ES,2016,23.7,
ESTAT:ILC_LI34(1.0),16/11/23 23:00:00,A,PC,NAT,ES,2017,21.9,
ESTAT:ILC_LI34(1.0),16/11/23 23:00:00,A,PC,NAT,ES,2018,19.7,
ESTAT:ILC_LI34(1.0),16/11/23 23:00:00,A,PC,NAT,ES,2019,19.2,
ESTAT:ILC_LI34(1.0),16/11/23 23:00:00,A,PC,NAT,ES,2020,18.5,
ESTAT:ILC_LI34(1.0),16/11/23 23:00:00,A,PC,NAT,ES,2021,19.0,
ESTAT:ILC_LI34(1.0),16/11/23 23:00:00,A,PC,NAT,ES,2022,18.2,
ESTAT:ILC_LI34(1.0),16/11/23 23:00:00,A,PC,NAT,EU,2009,18.1,
ESTAT:ILC_LI34(1.0),16/11/23 23:00:00,A,PC,NAT,EU,2010,18.9,
ESTAT:ILC_LI34(1.0),16/11/23 23:00:00,A,PC,NAT,EU,2011,18.0,
ESTAT:ILC_LI34(1.0),16/11/23 23:00:00,A,PC,NAT,EU,2012,18.0,
ESTAT:ILC_LI34(1.0),16/11/23 23:00:00,A,PC,NAT,EU,2013,18.0,
ESTAT:ILC_LI34(1.0),16/11/23 23:00:00,A,PC,NAT,EU,2014,18.3,
ESTAT:ILC_LI34(1.0),16/11/23 23:00:00,A,PC,NAT,EU,2015,18.4,
ESTAT:ILC_LI34(1.0),16/11/23 23:00:00,A,PC,NAT,EU,2016,18.3,
ESTAT:ILC_LI34(1.0),16/11/23 23:00:00,A,PC,NAT,EU,2017,17.1,
ESTAT:ILC_LI34(1.0),16/11/23 23:00:00,A,PC,NAT,EU,2018,16.9,
ESTAT:ILC_LI34(1.0),16/11/23 23:00:00,A,PC,NAT,EU,2019,16.1,e
ESTAT:ILC_LI34(1.0),16/11/23 23:00:00,A,PC,NAT,EU27_2007,2007,18.2,
ESTAT:ILC_LI34(1.0),16/11/23 23:00:00,A,PC,NAT,EU27_2007,2008,18.3,
ESTAT:ILC_LI34(1.0),16/11/23 23:00:00,A,PC,NAT,EU27_2007,2009,18.1,
ESTAT:ILC_LI34(1.0),16/11/23 23:00:00,A,PC,NAT,EU27_2007,2010,18.9,
ESTAT:ILC_LI34(1.0),16/11/23 23:00:00,A,PC,NAT,EU27_2007,2011,18.0,
ESTAT:ILC_LI34(1.0),16/11/23 23:00:00,A,PC,NAT,EU27_2007,2012,18.0,
ESTAT:ILC_LI34(1.0),16/11/23 23:00:00,A,PC,NAT,EU27_2007,2013,18.0,
ESTAT:ILC_LI34(1.0),16/11/23 23:00:00,A,PC,NAT,EU27_2007,2014,18.3,
ESTAT:ILC_LI34(1.0),16/11/23 23:00:00,A,PC,NAT,EU27_2007,2015,18.4,
ESTAT:ILC_LI34(1.0),16/11/23 23:00:00,A,PC,NAT,EU27_2007,2016,18.4,
ESTAT:ILC_LI34(1.0),16/11/23 23:00:00,A,PC,NAT,EU27_2007,2017,17.1,
ESTAT:ILC_LI34(1.0),16/11/23 23:00:00,A,PC,NAT,EU27_2007,2018,16.9,
ESTAT:ILC_LI34(1.0),16/11/23 23:00:00,A,PC,NAT,EU27_2007,2019,16.1,e
ESTAT:ILC_LI34(1.0),16/11/23 23:00:00,A,PC,NAT,EU27_2020,2010,18.8,e
ESTAT:ILC_LI34(1.0),16/11/23 23:00:00,A,PC,NAT,EU27_2020,2011,18.2,e
ESTAT:ILC_LI34(1.0),16/11/23 23:00:00,A,PC,NAT,EU27_2020,2012,18.4,e
ESTAT:ILC_LI34(1.0),16/11/23 23:00:00,A,PC,NAT,EU27_2020,2013,18.2,e
ESTAT:ILC_LI34(1.0),16/11/23 23:00:00,A,PC,NAT,EU27_2020,2014,18.5,e
ESTAT:ILC_LI34(1.0),16/11/23 23:00:00,A,PC,NAT,EU27_2020,2015,18.6,e
ESTAT:ILC_LI34(1.0),16/11/23 23:00:00,A,PC,NAT,EU27_2020,2016,18.6,e
ESTAT:ILC_LI34(1.0),16/11/23 23:00:00,A,PC,NAT,EU27_2020,2017,16.8,e
ESTAT:ILC_LI34(1.0),16/11/23 23:00:00,A,PC,NAT,EU27_2020,2018,16.2,e
ESTAT:ILC_LI34(1.0),16/11/23 23:00:00,A,PC,NAT,EU27_2020,2019,15.3,e
ESTAT:ILC_LI34(1.0),16/11/23 23:00:00,A,PC,NAT,EU27_2020,2020,15.1,
ESTAT:ILC_LI34(1.0),16/11/23 23:00:00,A,PC,NAT,EU27_2020,2021,15.3,
ESTAT:ILC_LI34(1.0),16/11/23 23:00:00,A,PC,NAT,EU27_2020,2022,14.8,
ESTAT:ILC_LI34(1.0),16/11/23 23:00:00,A,PC,NAT,EU28,2010,18.9,
ESTAT:ILC_LI34(1.0),16/11/23 23:00:00,A,PC,NAT,EU28,2011,18.0,
ESTAT:ILC_LI34(1.0),16/11/23 23:00:00,A,PC,NAT,EU28,2012,18.0,
ESTAT:ILC_LI34(1.0),16/11/23 23:00:00,A,PC,NAT,EU28,2013,18.0,
ESTAT:ILC_LI34(1.0),16/11/23 23:00:00,A,PC,NAT,EU28,2014,18.3,
ESTAT:ILC_LI34(1.0),16/11/23 23:00:00,A,PC,NAT,EU28,2015,18.4,
ESTAT:ILC_LI34(1.0),16/11/23 23:00:00,A,PC,NAT,EU28,2016,18.3,
ESTAT:ILC_LI34(1.0),16/11/23 23:00:00,A,PC,NAT,EU28,2017,17.1,
ESTAT:ILC_LI34(1.0),16/11/23 23:00:00,A,PC,NAT,EU28,2018,16.9,
ESTAT:ILC_LI34(1.0),16/11/23 23:00:00,A,PC,NAT,EU28,2019,16.1,e
ESTAT:ILC_LI34(1.0),16/11/23 23:00:00,A,PC,NAT,FI,2004,8.7,
ESTAT:ILC_LI34(1.0),16/11/23 23:00:00,A,PC,NAT,FI,2005,8.8,
ESTAT:ILC_LI34(1.0),16/11/23 23:00:00,A,PC,NAT,FI,2006,8.3,
ESTAT:ILC_LI34(1.0),16/11/23 23:00:00,A,PC,NAT,FI,2007,9.7,
ESTAT:ILC_LI34(1.0),16/11/23 23:00:00,A,PC,NAT,FI,2008,10.3,
ESTAT:ILC_LI34(1.0),16/11/23 23:00:00,A,PC,NAT,FI,2009,9.5,
ESTAT:ILC_LI34(1.0),16/11/23 23:00:00,A,PC,NAT,FI,2010,8.9,
ESTAT:ILC_LI34(1.0),16/11/23 23:00:00,A,PC,NAT,FI,2011,10.0,
ESTAT:ILC_LI34(1.0),16/11/23 23:00:00,A,PC,NAT,FI,2012,9.5,
ESTAT:ILC_LI34(1.0),16/11/23 23:00:00,A,PC,NAT,FI,2013,7.9,
ESTAT:ILC_LI34(1.0),16/11/23 23:00:00,A,PC,NAT,FI,2014,9.5,
ESTAT:ILC_LI34(1.0),16/11/23 23:00:00,A,PC,NAT,FI,2015,8.8,
ESTAT:ILC_LI34(1.0),16/11/23 23:00:00,A,PC,NAT,FI,2016,8.0,
ESTAT:ILC_LI34(1.0),16/11/23 23:00:00,A,PC,NAT,FI,2017,8.6,
ESTAT:ILC_LI34(1.0),16/11/23 23:00:00,A,PC,NAT,FI,2018,9.5,
ESTAT:ILC_LI34(1.0),16/11/23 23:00:00,A,PC,NAT,FI,2019,9.3,
ESTAT:ILC_LI34(1.0),16/11/23 23:00:00,A,PC,NAT,FI,2020,10.6,
ESTAT:ILC_LI34(1.0),16/11/23 23:00:00,A,PC,NAT,FI,2021,8.0,
ESTAT:ILC_LI34(1.0),16/11/23 23:00:00,A,PC,NAT,FI,2022,7.6,
ESTAT:ILC_LI34(1.0),16/11/23 23:00:00,A,PC,NAT,FR,2004,11.7,
ESTAT:ILC_LI34(1.0),16/11/23 23:00:00,A,PC,NAT,FR,2005,11.3,
ESTAT:ILC_LI34(1.0),16/11/23 23:00:00,A,PC,NAT,FR,2006,11.0,
ESTAT:ILC_LI34(1.0),16/11/23 23:00:00,A,PC,NAT,FR,2007,11.5,
ESTAT:ILC_LI34(1.0),16/11/23 23:00:00,A,PC,NAT,FR,2008,11.3,
ESTAT:ILC_LI34(1.0),16/11/23 23:00:00,A,PC,NAT,FR,2009,12.3,
ESTAT:ILC_LI34(1.0),16/11/23 23:00:00,A,PC,NAT,FR,2010,15.1,
ESTAT:ILC_LI34(1.0),16/11/23 23:00:00,A,PC,NAT,FR,2011,14.1,
ESTAT:ILC_LI34(1.0),16/11/23 23:00:00,A,PC,NAT,FR,2012,15.5,
ESTAT:ILC_LI34(1.0),16/11/23 23:00:00,A,PC,NAT,FR,2013,13.4,
ESTAT:ILC_LI34(1.0),16/11/23 23:00:00,A,PC,NAT,FR,2014,13.9,
ESTAT:ILC_LI34(1.0),16/11/23 23:00:00,A,PC,NAT,FR,2015,14.3,
ESTAT:ILC_LI34(1.0),16/11/23 23:00:00,A,PC,NAT,FR,2016,14.0,
ESTAT:ILC_LI34(1.0),16/11/23 23:00:00,A,PC,NAT,FR,2017,13.8,
ESTAT:ILC_LI34(1.0),16/11/23 23:00:00,A,PC,NAT,FR,2018,13.3,
ESTAT:ILC_LI34(1.0),16/11/23 23:00:00,A,PC,NAT,FR,2019,13.1,
ESTAT:ILC_LI34(1.0),16/11/23 23:00:00,A,PC,NAT,FR,2020,13.3,b
ESTAT:ILC_LI34(1.0),16/11/23 23:00:00,A,PC,NAT,FR,2021,13.1,
ESTAT:ILC_LI34(1.0),16/11/23 23:00:00,A,PC,NAT,FR,2022,14.9,b
ESTAT:ILC_LI34(1.0),16/11/23 23:00:00,A,PC,NAT,HR,2010,18.0,
ESTAT:ILC_LI34(1.0),16/11/23 23:00:00,A,PC,NAT,HR,2011,19.1,
ESTAT:ILC_LI34(1.0),16/11/23 23:00:00,A,PC,NAT,HR,2012,21.6,
ESTAT:ILC_LI34(1.0),16/11/23 23:00:00,A,PC,NAT,HR,2013,17.8,
ESTAT:ILC_LI34(1.0),16/11/23 23:00:00,A,PC,NAT,HR,2014,18.0,
ESTAT:ILC_LI34(1.0),16/11/23 23:00:00,A,PC,NAT,HR,2015,18.3,
ESTAT:ILC_LI34(1.0),16/11/23 23:00:00,A,PC,NAT,HR,2016,17.3,
ESTAT:ILC_LI34(1.0),16/11/23 23:00:00,A,PC,NAT,HR,2017,18.1,
ESTAT:ILC_LI34(1.0),16/11/23 23:00:00,A,PC,NAT,HR,2018,16.8,
ESTAT:ILC_LI34(1.0),16/11/23 23:00:00,A,PC,NAT,HR,2019,15.3,
ESTAT:ILC_LI34(1.0),16/11/23 23:00:00,A,PC,NAT,HR,2020,15.4,
ESTAT:ILC_LI34(1.0),16/11/23 23:00:00,A,PC,NAT,HR,2021,15.7,
ESTAT:ILC_LI34(1.0),16/11/23 23:00:00,A,PC,NAT,HR,2022,13.2,
ESTAT:ILC_LI34(1.0),16/11/23 23:00:00,A,PC,NAT,HU,2005,20.2,
ESTAT:ILC_LI34(1.0),16/11/23 23:00:00,A,PC,NAT,HU,2006,24.8,
ESTAT:ILC_LI34(1.0),16/11/23 23:00:00,A,PC,NAT,HU,2007,18.6,
ESTAT:ILC_LI34(1.0),16/11/23 23:00:00,A,PC,NAT,HU,2008,19.8,
ESTAT:ILC_LI34(1.0),16/11/23 23:00:00,A,PC,NAT,HU,2009,20.5,
ESTAT:ILC_LI34(1.0),16/11/23 23:00:00,A,PC,NAT,HU,2010,20.5,
ESTAT:ILC_LI34(1.0),16/11/23 23:00:00,A,PC,NAT,HU,2011,23.6,
ESTAT:ILC_LI34(1.0),16/11/23 23:00:00,A,PC,NAT,HU,2012,22.6,
ESTAT:ILC_LI34(1.0),16/11/23 23:00:00,A,PC,NAT,HU,2013,24.1,
ESTAT:ILC_LI34(1.0),16/11/23 23:00:00,A,PC,NAT,HU,2014,25.1,
ESTAT:ILC_LI34(1.0),16/11/23 23:00:00,A,PC,NAT,HU,2015,22.4,
ESTAT:ILC_LI34(1.0),16/11/23 23:00:00,A,PC,NAT,HU,2016,19.2,
ESTAT:ILC_LI34(1.0),16/11/23 23:00:00,A,PC,NAT,HU,2017,13.3,
ESTAT:ILC_LI34(1.0),16/11/23 23:00:00,A,PC,NAT,HU,2018,12.3,
ESTAT:ILC_LI34(1.0),16/11/23 23:00:00,A,PC,NAT,HU,2019,10.5,
ESTAT:ILC_LI34(1.0),16/11/23 23:00:00,A,PC,NAT,HU,2020,8.5,
ESTAT:ILC_LI34(1.0),16/11/23 23:00:00,A,PC,NAT,HU,2021,11.2,
ESTAT:ILC_LI34(1.0),16/11/23 23:00:00,A,PC,NAT,HU,2022,10.5,
ESTAT:ILC_LI34(1.0),16/11/23 23:00:00,A,PC,NAT,IE,2003,19.9,
ESTAT:ILC_LI34(1.0),16/11/23 23:00:00,A,PC,NAT,IE,2004,22.4,
ESTAT:ILC_LI34(1.0),16/11/23 23:00:00,A,PC,NAT,IE,2005,21.2,
ESTAT:ILC_LI34(1.0),16/11/23 23:00:00,A,PC,NAT,IE,2006,22.5,
ESTAT:ILC_LI34(1.0),16/11/23 23:00:00,A,PC,NAT,IE,2007,19.1,
ESTAT:ILC_LI34(1.0),16/11/23 23:00:00,A,PC,NAT,IE,2008,19.0,
ESTAT:ILC_LI34(1.0),16/11/23 23:00:00,A,PC,NAT,IE,2009,20.7,
ESTAT:ILC_LI34(1.0),16/11/23 23:00:00,A,PC,NAT,IE,2010,19.6,
ESTAT:ILC_LI34(1.0),16/11/23 23:00:00,A,PC,NAT,IE,2011,17.3,
ESTAT:ILC_LI34(1.0),16/11/23 23:00:00,A,PC,NAT,IE,2012,18.0,
ESTAT:ILC_LI34(1.0),16/11/23 23:00:00,A,PC,NAT,IE,2013,16.7,
ESTAT:ILC_LI34(1.0),16/11/23 23:00:00,A,PC,NAT,IE,2014,17.2,
ESTAT:ILC_LI34(1.0),16/11/23 23:00:00,A,PC,NAT,IE,2015,15.6,
ESTAT:ILC_LI34(1.0),16/11/23 23:00:00,A,PC,NAT,IE,2016,16.9,
ESTAT:ILC_LI34(1.0),16/11/23 23:00:00,A,PC,NAT,IE,2017,15.4,
ESTAT:ILC_LI34(1.0),16/11/23 23:00:00,A,PC,NAT,IE,2018,13.6,
ESTAT:ILC_LI34(1.0),16/11/23 23:00:00,A,PC,NAT,IE,2019,12.8,
ESTAT:ILC_LI34(1.0),16/11/23 23:00:00,A,PC,NAT,IE,2020,13.8,b
ESTAT:ILC_LI34(1.0),16/11/23 23:00:00,A,PC,NAT,IE,2021,10.7,
ESTAT:ILC_LI34(1.0),16/11/23 23:00:00,A,PC,NAT,IE,2022,13.4,
ESTAT:ILC_LI34(1.0),16/11/23 23:00:00,A,PC,NAT,IS,2004,11.1,
ESTAT:ILC_LI34(1.0),16/11/23 23:00:00,A,PC,NAT,IS,2005,9.6,
ESTAT:ILC_LI34(1.0),16/11/23 23:00:00,A,PC,NAT,IS,2006,11.5,
ESTAT:ILC_LI34(1.0),16/11/23 23:00:00,A,PC,NAT,IS,2007,12.0,
ESTAT:ILC_LI34(1.0),16/11/23 23:00:00,A,PC,NAT,IS,2008,10.7,
ESTAT:ILC_LI34(1.0),16/11/23 23:00:00,A,PC,NAT,IS,2009,9.6,
ESTAT:ILC_LI34(1.0),16/11/23 23:00:00,A,PC,NAT,IS,2010,12.2,
ESTAT:ILC_LI34(1.0),16/11/23 23:00:00,A,PC,NAT,IS,2011,10.2,
ESTAT:ILC_LI34(1.0),16/11/23 23:00:00,A,PC,NAT,IS,2012,9.3,
ESTAT:ILC_LI34(1.0),16/11/23 23:00:00,A,PC,NAT,IS,2013,12.2,
ESTAT:ILC_LI34(1.0),16/11/23 23:00:00,A,PC,NAT,IS,2014,10.2,
ESTAT:ILC_LI34(1.0),16/11/23 23:00:00,A,PC,NAT,IS,2015,10.1,
ESTAT:ILC_LI34(1.0),16/11/23 23:00:00,A,PC,NAT,IS,2016,9.4,
ESTAT:ILC_LI34(1.0),16/11/23 23:00:00,A,PC,NAT,IS,2017,10.9,
ESTAT:ILC_LI34(1.0),16/11/23 23:00:00,A,PC,NAT,IS,2018,9.9,
ESTAT:ILC_LI34(1.0),16/11/23 23:00:00,A,PC,NAT,IT,2004,23.7,
ESTAT:ILC_LI34(1.0),16/11/23 23:00:00,A,PC,NAT,IT,2005,24.2,
ESTAT:ILC_LI34(1.0),16/11/23 23:00:00,A,PC,NAT,IT,2006,23.5,
ESTAT:ILC_LI34(1.0),16/11/23 23:00:00,A,PC,NAT,IT,2007,23.4,
ESTAT:ILC_LI34(1.0),16/11/23 23:00:00,A,PC,NAT,IT,2008,22.9,
ESTAT:ILC_LI34(1.0),16/11/23 23:00:00,A,PC,NAT,IT,2009,21.9,
ESTAT:ILC_LI34(1.0),16/11/23 23:00:00,A,PC,NAT,IT,2010,23.2,
ESTAT:ILC_LI34(1.0),16/11/23 23:00:00,A,PC,NAT,IT,2011,23.3,
ESTAT:ILC_LI34(1.0),16/11/23 23:00:00,A,PC,NAT,IT,2012,23.9,
ESTAT:ILC_LI34(1.0),16/11/23 23:00:00,A,PC,NAT,IT,2013,23.5,
ESTAT:ILC_LI34(1.0),16/11/23 23:00:00,A,PC,NAT,IT,2014,22.5,
ESTAT:ILC_LI34(1.0),16/11/23 23:00:00,A,PC,NAT,IT,2015,23.0,
ESTAT:ILC_LI34(1.0),16/11/23 23:00:00,A,PC,NAT,IT,2016,22.9,
ESTAT:ILC_LI34(1.0),16/11/23 23:00:00,A,PC,NAT,IT,2017,22.1,
ESTAT:ILC_LI34(1.0),16/11/23 23:00:00,A,PC,NAT,IT,2018,22.0,
ESTAT:ILC_LI34(1.0),16/11/23 23:00:00,A,PC,NAT,IT,2019,21.6,
ESTAT:ILC_LI34(1.0),16/11/23 23:00:00,A,PC,NAT,IT,2020,20.7,
ESTAT:ILC_LI34(1.0),16/11/23 23:00:00,A,PC,NAT,IT,2021,22.2,
ESTAT:ILC_LI34(1.0),16/11/23 23:00:00,A,PC,NAT,IT,2022,21.2,
ESTAT:ILC_LI34(1.0),16/11/23 23:00:00,A,PC,NAT,LT,2005,27.3,
ESTAT:ILC_LI34(1.0),16/11/23 23:00:00,A,PC,NAT,LT,2006,25.4,
ESTAT:ILC_LI34(1.0),16/11/23 23:00:00,A,PC,NAT,LT,2007,22.4,
ESTAT:ILC_LI34(1.0),16/11/23 23:00:00,A,PC,NAT,LT,2008,23.8,
ESTAT:ILC_LI34(1.0),16/11/23 23:00:00,A,PC,NAT,LT,2009,22.6,
ESTAT:ILC_LI34(1.0),16/11/23 23:00:00,A,PC,NAT,LT,2010,24.5,
ESTAT:ILC_LI34(1.0),16/11/23 23:00:00,A,PC,NAT,LT,2011,24.1,
ESTAT:ILC_LI34(1.0),16/11/23 23:00:00,A,PC,NAT,LT,2012,20.9,
ESTAT:ILC_LI34(1.0),16/11/23 23:00:00,A,PC,NAT,LT,2013,26.8,
ESTAT:ILC_LI34(1.0),16/11/23 23:00:00,A,PC,NAT,LT,2014,22.3,
ESTAT:ILC_LI34(1.0),16/11/23 23:00:00,A,PC,NAT,LT,2015,27.9,
ESTAT:ILC_LI34(1.0),16/11/23 23:00:00,A,PC,NAT,LT,2016,24.7,
ESTAT:ILC_LI34(1.0),16/11/23 23:00:00,A,PC,NAT,LT,2017,25.1,
ESTAT:ILC_LI34(1.0),16/11/23 23:00:00,A,PC,NAT,LT,2018,23.8,
ESTAT:ILC_LI34(1.0),16/11/23 23:00:00,A,PC,NAT,LT,2019,22.4,
ESTAT:ILC_LI34(1.0),16/11/23 23:00:00,A,PC,NAT,LT,2020,20.3,
ESTAT:ILC_LI34(1.0),16/11/23 23:00:00,A,PC,NAT,LT,2021,17.9,
ESTAT:ILC_LI34(1.0),16/11/23 23:00:00,A,PC,NAT,LT,2022,17.8,
ESTAT:ILC_LI34(1.0),16/11/23 23:00:00,A,PC,NAT,LU,2003,10.0,
ESTAT:ILC_LI34(1.0),16/11/23 23:00:00,A,PC,NAT,LU,2004,8.0,
ESTAT:ILC_LI34(1.0),16/11/23 23:00:00,A,PC,NAT,LU,2005,7.5,
ESTAT:ILC_LI34(1.0),16/11/23 23:00:00,A,PC,NAT,LU,2006,8.9,
ESTAT:ILC_LI34(1.0),16/11/23 23:00:00,A,PC,NAT,LU,2007,9.2,
ESTAT:ILC_LI34(1.0),16/11/23 23:00:00,A,PC,NAT,LU,2008,7.9,
ESTAT:ILC_LI34(1.0),16/11/23 23:00:00,A,PC,NAT,LU,2009,12.4,
ESTAT:ILC_LI34(1.0),16/11/23 23:00:00,A,PC,NAT,LU,2010,14.2,
ESTAT:ILC_LI34(1.0),16/11/23 23:00:00,A,PC,NAT,LU,2011,11.4,
ESTAT:ILC_LI34(1.0),16/11/23 23:00:00,A,PC,NAT,LU,2012,11.2,
ESTAT:ILC_LI34(1.0),16/11/23 23:00:00,A,PC,NAT,LU,2013,13.2,
ESTAT:ILC_LI34(1.0),16/11/23 23:00:00,A,PC,NAT,LU,2014,14.8,
ESTAT:ILC_LI34(1.0),16/11/23 23:00:00,A,PC,NAT,LU,2015,10.6,
ESTAT:ILC_LI34(1.0),16/11/23 23:00:00,A,PC,NAT,LU,2016,9.9,b
ESTAT:ILC_LI34(1.0),16/11/23 23:00:00,A,PC,NAT,LU,2017,9.2,
ESTAT:ILC_LI34(1.0),16/11/23 23:00:00,A,PC,NAT,LU,2018,12.3,
ESTAT:ILC_LI34(1.0),16/11/23 23:00:00,A,PC,NAT,LU,2019,12.0,
ESTAT:ILC_LI34(1.0),16/11/23 23:00:00,A,PC,NAT,LU,2020,12.9,b
ESTAT:ILC_LI34(1.0),16/11/23 23:00:00,A,PC,NAT,LU,2021,13.2,b
ESTAT:ILC_LI34(1.0),16/11/23 23:00:00,A,PC,NAT,LU,2022,8.9,b
ESTAT:ILC_LI34(1.0),16/11/23 23:00:00,A,PC,NAT,LV,2005,20.7,
ESTAT:ILC_LI34(1.0),16/11/23 23:00:00,A,PC,NAT,LV,2006,24.7,
ESTAT:ILC_LI34(1.0),16/11/23 23:00:00,A,PC,NAT,LV,2007,19.3,
ESTAT:ILC_LI34(1.0),16/11/23 23:00:00,A,PC,NAT,LV,2008,22.4,
ESTAT:ILC_LI34(1.0),16/11/23 23:00:00,A,PC,NAT,LV,2009,26.2,
ESTAT:ILC_LI34(1.0),16/11/23 23:00:00,A,PC,NAT,LV,2010,26.7,
ESTAT:ILC_LI34(1.0),16/11/23 23:00:00,A,PC,NAT,LV,2011,24.6,
ESTAT:ILC_LI34(1.0),16/11/23 23:00:00,A,PC,NAT,LV,2012,24.7,
ESTAT:ILC_LI34(1.0),16/11/23 23:00:00,A,PC,NAT,LV,2013,23.4,
ESTAT:ILC_LI34(1.0),16/11/23 23:00:00,A,PC,NAT,LV,2014,24.8,
ESTAT:ILC_LI34(1.0),16/11/23 23:00:00,A,PC,NAT,LV,2015,23.4,
ESTAT:ILC_LI34(1.0),16/11/23 23:00:00,A,PC,NAT,LV,2016,19.0,
ESTAT:ILC_LI34(1.0),16/11/23 23:00:00,A,PC,NAT,LV,2017,18.2,
ESTAT:ILC_LI34(1.0),16/11/23 23:00:00,A,PC,NAT,LV,2018,17.2,
ESTAT:ILC_LI34(1.0),16/11/23 23:00:00,A,PC,NAT,LV,2019,14.1,
ESTAT:ILC_LI34(1.0),16/11/23 23:00:00,A,PC,NAT,LV,2020,15.9,
ESTAT:ILC_LI34(1.0),16/11/23 23:00:00,A,PC,NAT,LV,2021,16.8,
ESTAT:ILC_LI34(1.0),16/11/23 23:00:00,A,PC,NAT,LV,2022,16.0,
ESTAT:ILC_LI34(1.0),16/11/23 23:00:00,A,PC,NAT,ME,2013,33.1,
ESTAT:ILC_LI34(1.0),16/11/23 23:00:00,A,PC,NAT,ME,2014,31.9,
ESTAT:ILC_LI34(1.0),16/11/23 23:00:00,A,PC,NAT,ME,2015,31.8,
ESTAT:ILC_LI34(1.0),16/11/23 23:00:00,A,PC,NAT,ME,2016,29.4,
ESTAT:ILC_LI34(1.0),16/11/23 23:00:00,A,PC,NAT,ME,2017,29.5,
ESTAT:ILC_LI34(1.0),16/11/23 23:00:00,A,PC,NAT,ME,2018,28.5,
ESTAT:ILC_LI34(1.0),16/11/23 23:00:00,A,PC,NAT,ME,2019,30.3,
ESTAT:ILC_LI34(1.0),16/11/23 23:00:00,A,PC,NAT,ME,2020,32.2,
ESTAT:ILC_LI34(1.0),16/11/23 23:00:00,A,PC,NAT,ME,2021,29.4,
ESTAT:ILC_LI34(1.0),16/11/23 23:00:00,A,PC,NAT,MK,2010,32.6,
ESTAT:ILC_LI34(1.0),16/11/23 23:00:00,A,PC,NAT,MK,2011,33.0,
ESTAT:ILC_LI34(1.0),16/11/23 23:00:00,A,PC,NAT,MK,2012,31.5,
ESTAT:ILC_LI34(1.0),16/11/23 23:00:00,A,PC,NAT,MK,2013,31.1,
ESTAT:ILC_LI34(1.0),16/11/23 23:00:00,A,PC,NAT,MK,2014,28.7,
ESTAT:ILC_LI34(1.0),16/11/23 23:00:00,A,PC,NAT,MK,2015,27.9,
ESTAT:ILC_LI34(1.0),16/11/23 23:00:00,A,PC,NAT,MK,2016,28.1,
ESTAT:ILC_LI34(1.0),16/11/23 23:00:00,A,PC,NAT,MK,2017,29.4,
ESTAT:ILC_LI34(1.0),16/11/23 23:00:00,A,PC,NAT,MK,2018,29.0,
ESTAT:ILC_LI34(1.0),16/11/23 23:00:00,A,PC,NAT,MK,2019,27.8,
ESTAT:ILC_LI34(1.0),16/11/23 23:00:00,A,PC,NAT,MK,2020,30.4,
ESTAT:ILC_LI34(1.0),16/11/23 23:00:00,A,PC,NAT,MT,2005,18.4,
ESTAT:ILC_LI34(1.0),16/11/23 23:00:00,A,PC,NAT,MT,2006,18.5,
ESTAT:ILC_LI34(1.0),16/11/23 23:00:00,A,PC,NAT,MT,2007,19.1,
ESTAT:ILC_LI34(1.0),16/11/23 23:00:00,A,PC,NAT,MT,2008,20.4,
ESTAT:ILC_LI34(1.0),16/11/23 23:00:00,A,PC,NAT,MT,2009,21.4,
ESTAT:ILC_LI34(1.0),16/11/23 23:00:00,A,PC,NAT,MT,2010,21.7,
ESTAT:ILC_LI34(1.0),16/11/23 23:00:00,A,PC,NAT,MT,2011,23.0,
ESTAT:ILC_LI34(1.0),16/11/23 23:00:00,A,PC,NAT,MT,2012,22.9,
ESTAT:ILC_LI34(1.0),16/11/23 23:00:00,A,PC,NAT,MT,2013,24.6,
ESTAT:ILC_LI34(1.0),16/11/23 23:00:00,A,PC,NAT,MT,2014,23.9,
ESTAT:ILC_LI34(1.0),16/11/23 23:00:00,A,PC,NAT,MT,2015,22.4,
ESTAT:ILC_LI34(1.0),16/11/23 23:00:00,A,PC,NAT,MT,2016,19.8,
ESTAT:ILC_LI34(1.0),16/11/23 23:00:00,A,PC,NAT,MT,2017,20.1,
ESTAT:ILC_LI34(1.0),16/11/23 23:00:00,A,PC,NAT,MT,2018,20.3,
ESTAT:ILC_LI34(1.0),16/11/23 23:00:00,A,PC,NAT,MT,2019,20.4,
ESTAT:ILC_LI34(1.0),16/11/23 23:00:00,A,PC,NAT,MT,2020,21.7,
ESTAT:ILC_LI34(1.0),16/11/23 23:00:00,A,PC,NAT,MT,2021,19.1,
ESTAT:ILC_LI34(1.0),16/11/23 23:00:00,A,PC,NAT,MT,2022,18.5,
ESTAT:ILC_LI34(1.0),16/11/23 23:00:00,A,PC,NAT,NL,2005,13.0,
ESTAT:ILC_LI34(1.0),16/11/23 23:00:00,A,PC,NAT,NL,2006,10.7,
ESTAT:ILC_LI34(1.0),16/11/23 23:00:00,A,PC,NAT,NL,2007,12.6,
ESTAT:ILC_LI34(1.0),16/11/23 23:00:00,A,PC,NAT,NL,2008,11.7,
ESTAT:ILC_LI34(1.0),16/11/23 23:00:00,A,PC,NAT,NL,2009,13.6,
ESTAT:ILC_LI34(1.0),16/11/23 23:00:00,A,PC,NAT,NL,2010,11.6,
ESTAT:ILC_LI34(1.0),16/11/23 23:00:00,A,PC,NAT,NL,2011,10.9,
ESTAT:ILC_LI34(1.0),16/11/23 23:00:00,A,PC,NAT,NL,2012,9.6,
ESTAT:ILC_LI34(1.0),16/11/23 23:00:00,A,PC,NAT,NL,2013,8.9,
ESTAT:ILC_LI34(1.0),16/11/23 23:00:00,A,PC,NAT,NL,2014,10.0,
ESTAT:ILC_LI34(1.0),16/11/23 23:00:00,A,PC,NAT,NL,2015,11.6,
ESTAT:ILC_LI34(1.0),16/11/23 23:00:00,A,PC,NAT,NL,2016,10.6,b
ESTAT:ILC_LI34(1.0),16/11/23 23:00:00,A,PC,NAT,NL,2017,10.7,
ESTAT:ILC_LI34(1.0),16/11/23 23:00:00,A,PC,NAT,NL,2018,8.9,
ESTAT:ILC_LI34(1.0),16/11/23 23:00:00,A,PC,NAT,NL,2019,9.2,
ESTAT:ILC_LI34(1.0),16/11/23 23:00:00,A,PC,NAT,NL,2020,9.0,
ESTAT:ILC_LI34(1.0),16/11/23 23:00:00,A,PC,NAT,NL,2021,7.5,
ESTAT:ILC_LI34(1.0),16/11/23 23:00:00,A,PC,NAT,NL,2022,6.9,
ESTAT:ILC_LI34(1.0),16/11/23 23:00:00,A,PC,NAT,NO,2003,6.8,
ESTAT:ILC_LI34(1.0),16/11/23 23:00:00,A,PC,NAT,NO,2004,6.2,
ESTAT:ILC_LI34(1.0),16/11/23 23:00:00,A,PC,NAT,NO,2005,6.0,
ESTAT:ILC_LI34(1.0),16/11/23 23:00:00,A,PC,NAT,NO,2006,6.1,
ESTAT:ILC_LI34(1.0),16/11/23 23:00:00,A,PC,NAT,NO,2007,7.7,
ESTAT:ILC_LI34(1.0),16/11/23 23:00:00,A,PC,NAT,NO,2008,6.8,
ESTAT:ILC_LI34(1.0),16/11/23 23:00:00,A,PC,NAT,NO,2009,8.3,
ESTAT:ILC_LI34(1.0),16/11/23 23:00:00,A,PC,NAT,NO,2010,9.2,
ESTAT:ILC_LI34(1.0),16/11/23 23:00:00,A,PC,NAT,NO,2011,5.7,
ESTAT:ILC_LI34(1.0),16/11/23 23:00:00,A,PC,NAT,NO,2012,5.1,
ESTAT:ILC_LI34(1.0),16/11/23 23:00:00,A,PC,NAT,NO,2013,7.7,
ESTAT:ILC_LI34(1.0),16/11/23 23:00:00,A,PC,NAT,NO,2014,7.9,
ESTAT:ILC_LI34(1.0),16/11/23 23:00:00,A,PC,NAT,NO,2015,8.9,
ESTAT:ILC_LI34(1.0),16/11/23 23:00:00,A,PC,NAT,NO,2016,10.5,
ESTAT:ILC_LI34(1.0),16/11/23 23:00:00,A,PC,NAT,NO,2017,9.1,
ESTAT:ILC_LI34(1.0),16/11/23 23:00:00,A,PC,NAT,NO,2018,8.8,
ESTAT:ILC_LI34(1.0),16/11/23 23:00:00,A,PC,NAT,NO,2019,8.8,
ESTAT:ILC_LI34(1.0),16/11/23 23:00:00,A,PC,NAT,NO,2020,9.2,
ESTAT:ILC_LI34(1.0),16/11/23 23:00:00,A,PC,NAT,NO,2021,8.9,b
ESTAT:ILC_LI34(1.0),16/11/23 23:00:00,A,PC,NAT,NO,2022,10.0,
ESTAT:ILC_LI34(1.0),16/11/23 23:00:00,A,PC,NAT,PL,2005,29.7,
ESTAT:ILC_LI34(1.0),16/11/23 23:00:00,A,PC,NAT,PL,2006,26.5,
ESTAT:ILC_LI34(1.0),16/11/23 23:00:00,A,PC,NAT,PL,2007,24.6,
ESTAT:ILC_LI34(1.0),16/11/23 23:00:00,A,PC,NAT,PL,2008,22.8,
ESTAT:ILC_LI34(1.0),16/11/23 23:00:00,A,PC,NAT,PL,2009,23.9,
ESTAT:ILC_LI34(1.0),16/11/23 23:00:00,A,PC,NAT,PL,2010,23.1,
ESTAT:ILC_LI34(1.0),16/11/23 23:00:00,A,PC,NAT,PL,2011,21.5,
ESTAT:ILC_LI34(1.0),16/11/23 23:00:00,A,PC,NAT,PL,2012,21.7,
ESTAT:ILC_LI34(1.0),16/11/23 23:00:00,A,PC,NAT,PL,2013,23.3,
ESTAT:ILC_LI34(1.0),16/11/23 23:00:00,A,PC,NAT,PL,2014,21.8,
ESTAT:ILC_LI34(1.0),16/11/23 23:00:00,A,PC,NAT,PL,2015,22.5,
ESTAT:ILC_LI34(1.0),16/11/23 23:00:00,A,PC,NAT,PL,2016,21.4,
ESTAT:ILC_LI34(1.0),16/11/23 23:00:00,A,PC,NAT,PL,2017,13.3,
ESTAT:ILC_LI34(1.0),16/11/23 23:00:00,A,PC,NAT,PL,2018,12.0,
ESTAT:ILC_LI34(1.0),16/11/23 23:00:00,A,PC,NAT,PL,2019,13.0,
ESTAT:ILC_LI34(1.0),16/11/23 23:00:00,A,PC,NAT,PL,2020,14.0,
ESTAT:ILC_LI34(1.0),16/11/23 23:00:00,A,PC,NAT,PL,2021,14.6,
ESTAT:ILC_LI34(1.0),16/11/23 23:00:00,A,PC,NAT,PL,2022,14.3,
ESTAT:ILC_LI34(1.0),16/11/23 23:00:00,A,PC,NAT,PT,2004,24.1,
ESTAT:ILC_LI34(1.0),16/11/23 23:00:00,A,PC,NAT,PT,2005,23.3,
ESTAT:ILC_LI34(1.0),16/11/23 23:00:00,A,PC,NAT,PT,2006,20.6,
ESTAT:ILC_LI34(1.0),16/11/23 23:00:00,A,PC,NAT,PT,2007,21.4,
ESTAT:ILC_LI34(1.0),16/11/23 23:00:00,A,PC,NAT,PT,2008,23.1,
ESTAT:ILC_LI34(1.0),16/11/23 23:00:00,A,PC,NAT,PT,2009,22.6,
ESTAT:ILC_LI34(1.0),16/11/23 23:00:00,A,PC,NAT,PT,2010,21.7,
ESTAT:ILC_LI34(1.0),16/11/23 23:00:00,A,PC,NAT,PT,2011,20.6,
ESTAT:ILC_LI34(1.0),16/11/23 23:00:00,A,PC,NAT,PT,2012,21.5,
ESTAT:ILC_LI34(1.0),16/11/23 23:00:00,A,PC,NAT,PT,2013,24.1,
ESTAT:ILC_LI34(1.0),16/11/23 23:00:00,A,PC,NAT,PT,2014,25.4,
ESTAT:ILC_LI34(1.0),16/11/23 23:00:00,A,PC,NAT,PT,2015,24.0,
ESTAT:ILC_LI34(1.0),16/11/23 23:00:00,A,PC,NAT,PT,2016,22.9,
ESTAT:ILC_LI34(1.0),16/11/23 23:00:00,A,PC,NAT,PT,2017,20.5,
ESTAT:ILC_LI34(1.0),16/11/23 23:00:00,A,PC,NAT,PT,2018,19.2,
ESTAT:ILC_LI34(1.0),16/11/23 23:00:00,A,PC,NAT,PT,2019,18.3,
ESTAT:ILC_LI34(1.0),16/11/23 23:00:00,A,PC,NAT,PT,2020,19.4,
ESTAT:ILC_LI34(1.0),16/11/23 23:00:00,A,PC,NAT,PT,2021,19.8,b
ESTAT:ILC_LI34(1.0),16/11/23 23:00:00,A,PC,NAT,PT,2022,16.4,
ESTAT:ILC_LI34(1.0),16/11/23 23:00:00,A,PC,NAT,RO,2007,32.7,
ESTAT:ILC_LI34(1.0),16/11/23 23:00:00,A,PC,NAT,RO,2008,32.9,
ESTAT:ILC_LI34(1.0),16/11/23 23:00:00,A,PC,NAT,RO,2009,31.9,
ESTAT:ILC_LI34(1.0),16/11/23 23:00:00,A,PC,NAT,RO,2010,32.5,
ESTAT:ILC_LI34(1.0),16/11/23 23:00:00,A,PC,NAT,RO,2011,33.6,
ESTAT:ILC_LI34(1.0),16/11/23 23:00:00,A,PC,NAT,RO,2012,33.7,
ESTAT:ILC_LI34(1.0),16/11/23 23:00:00,A,PC,NAT,RO,2013,35.3,
ESTAT:ILC_LI34(1.0),16/11/23 23:00:00,A,PC,NAT,RO,2014,39.1,
ESTAT:ILC_LI34(1.0),16/11/23 23:00:00,A,PC,NAT,RO,2015,38.6,
ESTAT:ILC_LI34(1.0),16/11/23 23:00:00,A,PC,NAT,RO,2016,37.7,
ESTAT:ILC_LI34(1.0),16/11/23 23:00:00,A,PC,NAT,RO,2017,31.7,
ESTAT:ILC_LI34(1.0),16/11/23 23:00:00,A,PC,NAT,RO,2018,31.4,
ESTAT:ILC_LI34(1.0),16/11/23 23:00:00,A,PC,NAT,RO,2019,30.3,
ESTAT:ILC_LI34(1.0),16/11/23 23:00:00,A,PC,NAT,RO,2020,29.9,
ESTAT:ILC_LI34(1.0),16/11/23 23:00:00,A,PC,NAT,RO,2021,29.8,
ESTAT:ILC_LI34(1.0),16/11/23 23:00:00,A,PC,NAT,RO,2022,27.0,
ESTAT:ILC_LI34(1.0),16/11/23 23:00:00,A,PC,NAT,RS,2013,,z
ESTAT:ILC_LI34(1.0),16/11/23 23:00:00,A,PC,NAT,RS,2014,29.9,
ESTAT:ILC_LI34(1.0),16/11/23 23:00:00,A,PC,NAT,RS,2015,31.4,
ESTAT:ILC_LI34(1.0),16/11/23 23:00:00,A,PC,NAT,RS,2016,31.2,
ESTAT:ILC_LI34(1.0),16/11/23 23:00:00,A,PC,NAT,RS,2017,31.2,
ESTAT:ILC_LI34(1.0),16/11/23 23:00:00,A,PC,NAT,RS,2018,29.6,
ESTAT:ILC_LI34(1.0),16/11/23 23:00:00,A,PC,NAT,RS,2019,30.0,
ESTAT:ILC_LI34(1.0),16/11/23 23:00:00,A,PC,NAT,RS,2020,24.4,
ESTAT:ILC_LI34(1.0),16/11/23 23:00:00,A,PC,NAT,RS,2021,22.3,
ESTAT:ILC_LI34(1.0),16/11/23 23:00:00,A,PC,NAT,SE,2004,7.2,
ESTAT:ILC_LI34(1.0),16/11/23 23:00:00,A,PC,NAT,SE,2005,7.2,
ESTAT:ILC_LI34(1.0),16/11/23 23:00:00,A,PC,NAT,SE,2006,7.7,
ESTAT:ILC_LI34(1.0),16/11/23 23:00:00,A,PC,NAT,SE,2007,7.7,
ESTAT:ILC_LI34(1.0),16/11/23 23:00:00,A,PC,NAT,SE,2008,8.7,b
ESTAT:ILC_LI34(1.0),16/11/23 23:00:00,A,PC,NAT,SE,2009,9.3,
ESTAT:ILC_LI34(1.0),16/11/23 23:00:00,A,PC,NAT,SE,2010,9.1,
ESTAT:ILC_LI34(1.0),16/11/23 23:00:00,A,PC,NAT,SE,2011,9.7,
ESTAT:ILC_LI34(1.0),16/11/23 23:00:00,A,PC,NAT,SE,2012,8.0,
ESTAT:ILC_LI34(1.0),16/11/23 23:00:00,A,PC,NAT,SE,2013,9.0,
ESTAT:ILC_LI34(1.0),16/11/23 23:00:00,A,PC,NAT,SE,2014,7.8,
ESTAT:ILC_LI34(1.0),16/11/23 23:00:00,A,PC,NAT,SE,2015,6.7,
ESTAT:ILC_LI34(1.0),16/11/23 23:00:00,A,PC,NAT,SE,2016,6.5,
ESTAT:ILC_LI34(1.0),16/11/23 23:00:00,A,PC,NAT,SE,2017,7.2,
ESTAT:ILC_LI34(1.0),16/11/23 23:00:00,A,PC,NAT,SE,2018,8.1,
ESTAT:ILC_LI34(1.0),16/11/23 23:00:00,A,PC,NAT,SE,2019,7.3,
ESTAT:ILC_LI34(1.0),16/11/23 23:00:00,A,PC,NAT,SE,2020,6.5,
ESTAT:ILC_LI34(1.0),16/11/23 23:00:00,A,PC,NAT,SE,2021,7.0,
ESTAT:ILC_LI34(1.0),16/11/23 23:00:00,A,PC,NAT,SE,2022,5.5,
ESTAT:ILC_LI34(1.0),16/11/23 23:00:00,A,PC,NAT,SI,2005,10.7,
ESTAT:ILC_LI34(1.0),16/11/23 23:00:00,A,PC,NAT,SI,2006,10.9,
ESTAT:ILC_LI34(1.0),16/11/23 23:00:00,A,PC,NAT,SI,2007,10.4,
ESTAT:ILC_LI34(1.0),16/11/23 23:00:00,A,PC,NAT,SI,2008,10.5,
ESTAT:ILC_LI34(1.0),16/11/23 23:00:00,A,PC,NAT,SI,2009,9.9,
ESTAT:ILC_LI34(1.0),16/11/23 23:00:00,A,PC,NAT,SI,2010,11.3,
ESTAT:ILC_LI34(1.0),16/11/23 23:00:00,A,PC,NAT,SI,2011,12.8,
ESTAT:ILC_LI34(1.0),16/11/23 23:00:00,A,PC,NAT,SI,2012,10.4,
ESTAT:ILC_LI34(1.0),16/11/23 23:00:00,A,PC,NAT,SI,2013,11.7,
ESTAT:ILC_LI34(1.0),16/11/23 23:00:00,A,PC,NAT,SI,2014,11.3,
ESTAT:ILC_LI34(1.0),16/11/23 23:00:00,A,PC,NAT,SI,2015,11.5,
ESTAT:ILC_LI34(1.0),16/11/23 23:00:00,A,PC,NAT,SI,2016,9.5,
ESTAT:ILC_LI34(1.0),16/11/23 23:00:00,A,PC,NAT,SI,2017,10.2,
ESTAT:ILC_LI34(1.0),16/11/23 23:00:00,A,PC,NAT,SI,2018,9.0,
ESTAT:ILC_LI34(1.0),16/11/23 23:00:00,A,PC,NAT,SI,2019,7.9,
ESTAT:ILC_LI34(1.0),16/11/23 23:00:00,A,PC,NAT,SI,2020,8.3,
ESTAT:ILC_LI34(1.0),16/11/23 23:00:00,A,PC,NAT,SI,2021,7.6,
ESTAT:ILC_LI34(1.0),16/11/23 23:00:00,A,PC,NAT,SI,2022,7.0,
ESTAT:ILC_LI34(1.0),16/11/23 23:00:00,A,PC,NAT,SK,2005,18.9,
ESTAT:ILC_LI34(1.0),16/11/23 23:00:00,A,PC,NAT,SK,2006,17.4,
ESTAT:ILC_LI34(1.0),16/11/23 23:00:00,A,PC,NAT,SK,2007,17.1,
ESTAT:ILC_LI34(1.0),16/11/23 23:00:00,A,PC,NAT,SK,2008,16.5,
ESTAT:ILC_LI34(1.0),16/11/23 23:00:00,A,PC,NAT,SK,2009,16.8,
ESTAT:ILC_LI34(1.0),16/11/23 23:00:00,A,PC,NAT,SK,2010,18.5,
ESTAT:ILC_LI34(1.0),16/11/23 23:00:00,A,PC,NAT,SK,2011,21.0,
ESTAT:ILC_LI34(1.0),16/11/23 23:00:00,A,PC,NAT,SK,2012,21.7,
ESTAT:ILC_LI34(1.0),16/11/23 23:00:00,A,PC,NAT,SK,2013,20.5,
ESTAT:ILC_LI34(1.0),16/11/23 23:00:00,A,PC,NAT,SK,2014,19.4,
ESTAT:ILC_LI34(1.0),16/11/23 23:00:00,A,PC,NAT,SK,2015,20.2,
ESTAT:ILC_LI34(1.0),16/11/23 23:00:00,A,PC,NAT,SK,2016,20.8,
ESTAT:ILC_LI34(1.0),16/11/23 23:00:00,A,PC,NAT,SK,2017,19.7,
ESTAT:ILC_LI34(1.0),16/11/23 23:00:00,A,PC,NAT,SK,2018,20.2,
ESTAT:ILC_LI34(1.0),16/11/23 23:00:00,A,PC,NAT,SK,2019,18.8,
ESTAT:ILC_LI34(1.0),16/11/23 23:00:00,A,PC,NAT,SK,2020,16.8,
ESTAT:ILC_LI34(1.0),16/11/23 23:00:00,A,PC,NAT,SK,2021,17.5,
ESTAT:ILC_LI34(1.0),16/11/23 23:00:00,A,PC,NAT,SK,2022,22.1,
ESTAT:ILC_LI34(1.0),16/11/23 23:00:00,A,PC,NAT,TR,2006,36.1,
ESTAT:ILC_LI34(1.0),16/11/23 23:00:00,A,PC,NAT,TR,2007,34.4,
ESTAT:ILC_LI34(1.0),16/11/23 23:00:00,A,PC,NAT,TR,2008,34.3,
ESTAT:ILC_LI34(1.0),16/11/23 23:00:00,A,PC,NAT,TR,2009,35.5,
ESTAT:ILC_LI34(1.0),16/11/23 23:00:00,A,PC,NAT,TR,2010,33.9,
ESTAT:ILC_LI34(1.0),16/11/23 23:00:00,A,PC,NAT,TR,2011,32.7,
ESTAT:ILC_LI34(1.0),16/11/23 23:00:00,A,PC,NAT,TR,2012,34.1,
ESTAT:ILC_LI34(1.0),16/11/23 23:00:00,A,PC,NAT,TR,2013,34.5,
ESTAT:ILC_LI34(1.0),16/11/23 23:00:00,A,PC,NAT,TR,2014,33.6,
ESTAT:ILC_LI34(1.0),16/11/23 23:00:00,A,PC,NAT,TR,2015,32.9,
ESTAT:ILC_LI34(1.0),16/11/23 23:00:00,A,PC,NAT,TR,2016,33.5,
ESTAT:ILC_LI34(1.0),16/11/23 23:00:00,A,PC,NAT,TR,2017,33.2,
ESTAT:ILC_LI34(1.0),16/11/23 23:00:00,A,PC,NAT,TR,2018,34.1,
ESTAT:ILC_LI34(1.0),16/11/23 23:00:00,A,PC,NAT,TR,2019,33.9,
ESTAT:ILC_LI34(1.0),16/11/23 23:00:00,A,PC,NAT,TR,2020,33.6,
ESTAT:ILC_LI34(1.0),16/11/23 23:00:00,A,PC,NAT,TR,2021,34.5,
ESTAT:ILC_LI34(1.0),16/11/23 23:00:00,A,PC,NAT,UK,2005,20.9,
ESTAT:ILC_LI34(1.0),16/11/23 23:00:00,A,PC,NAT,UK,2006,21.9,
ESTAT:ILC_LI34(1.0),16/11/23 23:00:00,A,PC,NAT,UK,2007,20.9,
ESTAT:ILC_LI34(1.0),16/11/23 23:00:00,A,PC,NAT,UK,2008,23.1,
ESTAT:ILC_LI34(1.0),16/11/23 23:00:00,A,PC,NAT,UK,2009,18.9,
ESTAT:ILC_LI34(1.0),16/11/23 23:00:00,A,PC,NAT,UK,2010,19.1,
ESTAT:ILC_LI34(1.0),16/11/23 23:00:00,A,PC,NAT,UK,2011,16.2,
ESTAT:ILC_LI34(1.0),16/11/23 23:00:00,A,PC,NAT,UK,2012,15.4,b
ESTAT:ILC_LI34(1.0),16/11/23 23:00:00,A,PC,NAT,UK,2013,16.6,
ESTAT:ILC_LI34(1.0),16/11/23 23:00:00,A,PC,NAT,UK,2014,16.7,
ESTAT:ILC_LI34(1.0),16/11/23 23:00:00,A,PC,NAT,UK,2015,16.8,
ESTAT:ILC_LI34(1.0),16/11/23 23:00:00,A,PC,NAT,UK,2016,16.8,
ESTAT:ILC_LI34(1.0),16/11/23 23:00:00,A,PC,NAT,UK,2017,19.0,b
ESTAT:ILC_LI34(1.0),16/11/23 23:00:00,A,PC,NAT,UK,2018,21.5,
ESTAT:ILC_LI34(1.0),16/11/23 23:00:00,A,PC,NAT,XK,2018,29.8,
